Descriptores,1980,1981,1982,1983,1984,1985,1986,1987,1988,1989,1990,1991,1992,1993,1994,1995,1996,1997,1998,1999,2000,2001,2002,2003,2004,2005,2006,2007,2008,2009,2010,2011,2012,2013,2014,2015,2016,2017,2018,2019,2020<R>,2021<P>
Valores constantes|Millones de pesos|B.1bP---Producto interno bruto<C1>,7642962.153,8368150.277,8367515.691,8002442.604,8281464.679,8437038.384,8124165.4,8292363.755,8398436.368,8705395.357,9158809.975,9528605.922,9862877.357,10165571.18,10667860.25,9996720.541,10673824.28,11404645.26,11993572.61,12323822.14,12932921.35,12880621.89,12875489.67,13061718.52,13573815.06,13887072.52,14511307.25,14843825.98,15013577.68,14219998.38,14947794.7,15495333.6,16059723.65,16277187.08,16741050,17292358.15,17747239.23,18122261.32,18520044,18483180.26,17006760.03,17809575.24
"Valores constantes|Millones de pesos|D.21-D.31---Impuestos sobre los productos, netos",285646.439,312749.466,312725.749,299081.585,309509.697,315324.075,303630.827,309917.036,313881.372,325353.592,342299.413,356120.088,368613.077,394682.956,425329.256,386641.487,410052.602,440359.474,459035.634,478609.323,488418.822,492640.777,495816.686,502613.351,523127.863,539350.648,579923.499,589361.736,610821.055,571451.401,595394.031,619537.009,628731.148,634567.233,673892.217,712944.627,764688.949,792451.962,818779.401,817121.024,710233.137,768881.54
Valores constantes|Millones de pesos|B.1bV---Valor agregado bruto|Estados Unidos Mexicanos<C1>,7357315.714,8055400.811,8054789.942,7703361.019,7971954.982,8121714.309,7820534.573,7982446.719,8084554.996,8380041.765,8816510.562,9172485.834,9494264.28,9770888.224,10242531,9610079.054,10263771.68,10964285.79,11534536.98,11845212.82,12444502.53,12387981.11,12379672.99,12559105.16,13050687.2,13347721.87,13931383.75,14254464.21,14402756.62,13648546.98,14352400.66,14875796.6,15430992.52,15642619.84,16067157.78,16579413.53,16982550.31,17329809.36,17701264.61,17666059.24,16296526.87,17040693.68
Valores constantes|Millones de pesos|B.1bV---Valor agregado bruto|Aguascalientes<C1>,51050.023,56736.416,56979.213,54117.817,56629.523,58345.34,56099.612,58004.39,59456.243,62597.432,67270.804,71286.017,75458.502,78821.334,84039.101,79981.875,86064.115,92366.44,98170.594,100207.735,108890.9,114591.238,119944.925,121197.634,126554.147,129628.028,138111.823,150305.117,150949.983,143253.947,152205.212,158934.494,167705.967,172820.491,190482.862,198220.641,211672.469,216705.56,224891.592,222451.271,204820.383,206714.882
Valores constantes|Millones de pesos|B.1bV---Valor agregado bruto|Baja California<C1>,229942.179,258615.932,256557.457,235110.403,245662.548,252321.24,233909.682,240027.262,242521.823,253361.837,270372.784,282476.133,296287.752,296855.975,318820.525,287509.774,324610.807,365666.722,381411.846,415391.383,455085.842,421171.429,403358.667,399514.624,423005.499,433008.166,456019.296,461581.274,457556.565,407745.948,428162.546,440700.662,456024.472,465524.695,478121.939,511459.528,535552.651,553327.213,566045.913,575332.463,554008.043,599221.032
Valores constantes|Millones de pesos|B.1bV---Valor agregado bruto|Baja California Sur<C1>,39414.131,42964.061,43253.075,42389.852,44035.869,45142.457,44483.735,45654.557,46471.781,48564.416,50534.535,53003.981,55014.746,53308.873,55071.758,52488.115,59339.132,62057.217,63729.203,65806.118,70288.262,74110.685,72051.719,76047.593,81546.009,87397.67,93655.622,106199.426,108975.356,108338.811,110656.4,114707.762,117345.833,115027.644,116027.018,130520.642,133948.675,148376.63,173200.594,158953.669,121901.971,141176.059
Valores constantes|Millones de pesos|B.1bV---Valor agregado bruto|Campeche<C1>,542396.819,595780.815,594255.25,554293.697,579164.673,601092.586,581798.267,605379.998,624535.466,653135.266,690654.731,714288.515,736338.215,730785.341,768664.4,714015.473,786152.75,831426.013,859550.754,814347.763,877296.285,943038.048,967396.155,1047511.322,1059561.025,1038533.775,1014280.35,947575.493,867231.044,780757.429,753968.591,726503.856,714787.065,721085.063,685981.27,637604.643,600612.272,537882.577,529465.695,517309.327,481969.908,462352.56
Valores constantes|Millones de pesos|B.1bV---Valor agregado bruto|Coahuila de Zaragoza<C1>,219067.806,241828.319,241631.083,225983.348,235373.779,242067.927,228765.38,234191.431,236249.033,243838.215,257556.576,266441.675,279929.15,286710.092,294702.735,284769.974,330610.496,360438.497,378684.481,388356.652,397554.62,396830.364,417873.637,436573.518,449143.882,458867.907,480488.194,500478.657,498326.775,421327.489,489951.776,523207.112,549551.802,538206.987,559217.153,563928.44,572243.615,601722.052,608138.802,603865.64,535908.391,567404.536
Valores constantes|Millones de pesos|B.1bV---Valor agregado bruto|Colima<C1>,40469.62,43797.41,44229.693,43266.894,44839.682,46094.437,45445.723,46659.728,47505.788,48974.873,51046.342,52570.582,53794.816,54992.859,57637.295,54388.113,58769.069,61382.29,65627.486,67779.863,70350.253,68942.619,69517.793,67732.93,67794.051,68258.171,72533.785,77526.37,78953.717,76446.9,81992.178,87944.969,90540.289,91422.446,93703.258,95878.066,98576.211,102039.429,105031.03,109098.972,101198.825,101360.669
Valores constantes|Millones de pesos|B.1bV---Valor agregado bruto|Chiapas<C1>,158583.479,168173.703,169465.737,167419.892,172198.568,175893.777,175120.902,179222.293,182733.634,188302.393,195398.298,201552.118,208280.725,215671.848,225182.024,222272.256,222047.875,228803.301,241046.14,240606.481,244415.791,242582.033,246213.434,248123.227,238375.89,240279.559,248414.302,252536.304,258289.89,256698.362,270989.331,279446.584,284733.625,280925.273,294029.165,287811.831,287034.269,277580.835,267664.128,261684.516,254446.976,268174.259
Valores constantes|Millones de pesos|B.1bV---Valor agregado bruto|Chihuahua<C1>,194350.901,215240.912,214385.387,202765.056,210612.501,215674.673,204714.651,209071.117,210063.408,216760.476,229909.605,238837.493,248005.58,257785.867,270448.527,259416.919,282452.432,301129.442,325664.506,344552.341,373480.372,356095.213,351167.407,360426.663,376662.637,389210.794,419631.539,434649.92,440792.887,401079.179,417796.42,427430.027,459166.22,476290.197,485693.517,510642.914,534205.546,551497.303,564077.669,572880.305,539798.46,566202.558
Valores constantes|Millones de pesos|B.1bV---Valor agregado bruto|Ciudad de México<C1>,1361498.89,1505497.279,1501945.294,1444046.962,1485535.797,1482818.224,1410037.504,1414248.018,1414438.721,1466418.201,1536976.329,1613847.414,1669043.582,1760340.994,1836600.359,1719524.38,1794773.887,1923601.551,1983658.151,2048504.996,2176137.703,2148632.068,2167891.34,2132929.372,2226949.736,2258091.583,2374722.886,2408565.865,2450391.202,2362516.439,2446910.439,2533806.893,2633934.642,2673066.331,2748551.988,2869792.908,2957233.594,3045539.859,3126459.566,3132839.076,2856971.791,2944607.206
Valores constantes|Millones de pesos|B.1bV---Valor agregado bruto|Durango<C1>,90959.968,98389.172,97917.69,94055.558,96762.761,98520.791,95461.969,97371.556,98504.613,101602.066,106268.916,109644.65,112008.293,114416.09,120560.406,115479.546,122261.912,126914.513,136337.463,136602.066,138068.244,143477.073,144577.96,152922.727,157662.281,155001.886,160388.081,162709.802,165722.989,163083.647,169268.084,176314.713,182943.056,189052.812,192968.629,192888.101,200660.962,199559.31,202272.029,204045.941,189953.176,200396.979
Valores constantes|Millones de pesos|B.1bV---Valor agregado bruto|Guanajuato<C1>,227935.25,250563.942,251216.458,241187.661,250259.679,255789.676,246924.709,252722.158,256326.177,266019.917,280580.668,291809.824,301553.167,311369.97,324348.058,312602.564,333015.01,353328.823,377816.534,383909.773,405974.608,408016.988,426071.079,438354.387,450953.155,454625.559,477646.929,488729.604,503024.423,481674.906,517168.681,548163.17,570921.987,594575.532,620084.804,653849.926,673328.294,704179.453,713090.078,701795.455,650820.418,682552.363
Valores constantes|Millones de pesos|B.1bV---Valor agregado bruto|Guerrero<C1>,139151.313,145785.434,146456.51,144558.66,147364.405,149342.372,147618.938,149621.937,150968.147,153964.434,158709.131,162577.221,165304.512,165480.86,175171.743,164039.448,168580.751,173317.707,180088.639,182253.978,184156.398,185463.865,184012.581,182713.981,192557.837,195219.889,199540.65,204879.83,208284.821,201239.316,211890.535,214478.174,218118.481,218811.378,227659.005,229580.566,234185.03,234094.182,240685.982,240749.756,218674.062,227407.687
Valores constantes|Millones de pesos|B.1bV---Valor agregado bruto|Hidalgo<C1>,113570.475,123728.168,124113.065,119358.1,123578.637,126596.76,122854.54,125801.434,127642.848,131979.421,139043.934,144872.855,150770.647,154946.229,159184.241,138608.71,154443.419,160529.72,175554.391,177904.424,181839.607,179798.181,179047.723,179553.378,191549.579,190073.779,195404.535,201655.418,208800.335,195581.126,206303.584,214569.188,222797.005,230982.767,243064.784,258695.052,268833.622,270118.073,276996.193,272452.995,244145.37,251437.626
Valores constantes|Millones de pesos|B.1bV---Valor agregado bruto|Jalisco<C1>,506057.736,553579.081,553396.75,528016.231,546213.109,557080.357,536270.037,547525.728,554367.448,573268.198,601299.742,622365.431,641685.005,657579.346,681207.2,625082.763,660456.829,708779.99,760051.433,790148.874,827464.12,810364.844,802784.099,794957.322,819238.31,842128.813,886009.726,913139.834,918573.456,870319.1,925371.837,953148.056,995285.999,1018578.607,1067256.762,1104884.87,1149129.548,1176616.034,1208076.022,1216735.696,1126205.873,1186918.964
Valores constantes|Millones de pesos|B.1bV---Valor agregado bruto|México<C1>,627012.487,683842.912,683337.67,654966.823,675440.279,684397.272,658113.374,668796.199,675674.726,699639.151,734269.921,764049.222,789865.89,814132.738,845472.31,780739.76,849423.27,921089.1,967724.419,1003185.409,1061054.125,1066663.977,1048741.185,1048403.59,1073840.81,1099376.794,1150701.95,1184658.428,1198144.35,1138727.918,1226813.687,1283448.197,1339994.611,1365154.229,1402291.945,1445183.505,1485467.443,1556925.971,1608137.236,1580644.778,1488204.23,1575492.247
Valores constantes|Millones de pesos|B.1bV---Valor agregado bruto|Michoacán de Ocampo<C1>,170037.05,182319.675,184550.907,181925.841,188116.892,192987.883,191185.122,196024.863,199623.877,205670.986,214055.509,220604.343,225299.861,225202.131,240370.264,235076.181,245257.23,271580.059,273828.927,290304.718,295434.825,288426.891,284937.993,294468.306,301021.642,306026.395,320451.426,328272.19,334657.914,317003.042,329767.26,343275.664,352030.387,359465.987,379655.442,386038.362,402111.981,414856.586,424359.973,424544.678,397577.179,406942.649
Valores constantes|Millones de pesos|B.1bV---Valor agregado bruto|Morelos<C1>,94761.085,102352.407,102342.388,98322.863,101540.739,103829.047,101000.251,103523.722,105304.879,108944.996,114155.974,117824.624,121265.965,125976.699,129202.366,114284.733,121778.69,129847.066,140497.352,147510.638,150129.836,155324.353,151225.17,158055.834,159734.875,171279.471,168177.81,169325.362,169672.507,168348.348,174984.467,174678.088,175717.837,182126.143,185662.448,187472.397,194412.078,203238.504,201316.454,201049.316,179752.616,186361.9
Valores constantes|Millones de pesos|B.1bV---Valor agregado bruto|Nayarit<C1>,53013.261,57468.978,57691.591,56284.613,58025.224,59071.768,57563.038,58681.246,59353.06,61366.541,64805.681,67813.359,70780.361,73131.897,75590.71,66390.735,68038.843,69126.635,75088.907,77290.972,78547.341,80899.113,78930.714,76105.196,86879.422,90269.847,92165.697,91675.276,98292.89,93038.497,97786.134,100704.16,100800.218,103627.459,108986.732,114062.999,119473.243,121000.114,120639.992,121042.682,107339.93,116192.35
Valores constantes|Millones de pesos|B.1bV---Valor agregado bruto|Nuevo León<C1>,381010.997,423892.619,425114.881,404003.994,421664.068,431473.521,413147.457,423751.743,431007.153,450380.777,477816.594,500770.535,522743.051,544561.159,576754.045,536276.359,570937.657,622671.299,669903.994,709152.631,756722.157,754129.608,772298.859,803888.528,849841.554,885438.787,946837.916,1004636.521,1020366.768,952725.778,1025184.258,1069812.268,1113817.766,1124999.893,1161168.669,1228082.513,1257648.421,1306549.097,1353169.991,1372625.069,1268066.13,1344947.073
Valores constantes|Millones de pesos|B.1bV---Valor agregado bruto|Oaxaca<C1>,139873.636,148792.319,149098.544,145958.282,149547.695,151914.204,149121.114,151544.003,152896.542,156534.122,162675.298,167527.989,171905.747,175814.831,189696.706,173883.884,180582.64,184085.703,188679.539,193874.658,200660.573,201968.347,202435.632,202963.936,210757.192,213677.217,218023.575,219815.363,226633.787,224510.705,228089.144,234955.838,239680.171,245515.976,250239.106,260612.907,256580.339,250518.62,260740.417,252892.486,237528.104,249590.953
Valores constantes|Millones de pesos|B.1bV---Valor agregado bruto|Puebla<C1>,212517.275,231428.648,231617.036,220757.676,228979.795,235084.893,227190.53,233572.129,237804.798,246392.092,258674.688,265913.098,272619.198,279617.549,294136.914,269044.699,294957.013,320869.124,346669.894,374452.804,387659.658,393378.558,386066.756,395907.258,405907.943,428179.294,447201.403,465818.722,468969.471,432578.676,469967.84,493353.224,524226.058,519256.535,526200.669,540604.128,555309.088,589080.273,603843.688,595393.262,530957.543,542718.718
Valores constantes|Millones de pesos|B.1bV---Valor agregado bruto|Querétaro<C1>,99632.046,111991.12,111694.868,103658.274,108566.695,111798.755,105476.183,108649.224,110537.731,115676.399,123821.206,130464.03,138542.851,144989.578,155797.176,146113.687,161164.075,180672.696,198181.505,204774.075,213806.309,212920.049,211977.015,212106.713,227917.275,243311.19,258448.271,271622.051,278348.405,270311.398,287403.169,308865.228,318294.372,319989.728,342666.454,362418.911,377947.864,395109.808,406744.73,403298.963,365964.746,388480.881
Valores constantes|Millones de pesos|B.1bV---Valor agregado bruto|Quintana Roo<C1>,66743.109,72711.611,72306.231,69600.571,71865.703,72839.614,70962.035,72840.807,74748.442,78704.239,83809.29,88937.081,94163.314,98973.809,102795.432,98446.759,107832.47,118424.158,127273.467,127122.692,132052.64,138808.533,138511.957,144233.02,156941.599,163681.664,174364.522,192904.582,203018.581,185671.746,195148.828,206053.849,215709.871,225272.667,233252.369,244081.496,261497.598,272211.726,286533.451,290182.71,222079.057,257699.109
Valores constantes|Millones de pesos|B.1bV---Valor agregado bruto|San Luis Potosí<C1>,128925.727,141415.626,140984.461,133967.308,138617.202,141215.576,135400.478,138376.24,140315.132,145901.189,154325.366,161068.506,166945.209,172437.262,184720.675,165745.098,178316.552,189892.922,200417.267,205890.044,216125.564,214292.424,214907.08,224280.267,237464.465,247240.388,258649.446,264315.631,270024.005,255845.961,269397.22,283881.746,297293.962,307896.47,316716.343,329359.358,342065.043,354677.904,369840.94,368609.775,341564.629,354895.975
Valores constantes|Millones de pesos|B.1bV---Valor agregado bruto|Sinaloa<C1>,184694.565,200605.869,200500.107,194538.736,200554.634,204971.121,199050.105,203337.661,205035.204,211145.162,223018.376,231353.213,236512.691,243240.785,249242.414,236299.976,241122.48,247006.776,256351.875,263681.824,282724.646,276543.929,267364.693,268247.066,284658.629,285708.482,294951.695,305622.537,316380.798,303066.175,312655.113,318762.638,330191.387,334097.307,340077.857,358848.314,376438.398,380987.655,390894.97,398152.897,369694.144,383065.988
Valores constantes|Millones de pesos|B.1bV---Valor agregado bruto|Sonora<C1>,221500.467,245893.637,244165.605,227462.57,236403.169,242828.733,228241.708,233792.152,235394.758,243762.016,260798.505,272610.301,286551.069,294343.952,320743.844,304399.502,318748.724,351715.557,375189.622,389003.503,421682.693,407775.04,376131.733,365533.727,384484.325,404881.254,429625.189,435397.343,436717.189,410374.271,431501.919,471510.171,495926.031,510315.674,522896.949,549606.823,578945.379,575986.463,581413.804,580732.615,550905.96,572000.016
Valores constantes|Millones de pesos|B.1bV---Valor agregado bruto|Tabasco<C1>,260401.114,283903.456,284156.587,270729.477,281155.5,288891.072,281594.481,290266.005,297533.658,309911.699,326245.945,339938.636,352529.132,364000.636,365675.134,360899.364,392397.206,403061.685,417344.87,411433.725,409384.762,397437.807,374453.371,374891.404,391243.029,421079.732,445309.616,454079.113,475202.827,495944.159,525011.917,549751.131,564003.811,553628.205,564794.238,562212.305,534685.495,509388.361,467226.446,448891.865,464414.365,502306.005
Valores constantes|Millones de pesos|B.1bV---Valor agregado bruto|Tamaulipas<C1>,202148.879,221052.973,221369.064,210483.546,219047.45,225716.152,217158.391,223405.466,226770.703,234558.243,247200.298,254454.638,261905.025,265972.07,285145.728,265067.246,288134.319,308451.313,337995.713,360018.466,379569.363,361511.309,375490.518,391574.439,410112.746,436490.981,449609.24,464007.812,483350.662,439739.323,448215.116,456768.535,466371.322,473241.401,477891.309,492586.952,500458.048,498369.426,508491.928,517419.862,473823.495,481559.431
Valores constantes|Millones de pesos|B.1bV---Valor agregado bruto|Tlaxcala<C1>,48014.674,52400.613,52438.251,50152.905,51967.69,53215.919,51541.456,52747.01,53498.337,55287.103,58147.663,60743.993,63371.953,64426.391,66648.219,62646.66,68466.659,75028.603,75936.846,81438.956,84470.633,87301.192,84518.04,83254.186,89789.73,79279.279,77889.934,79019.573,83246.79,81739.53,88809.886,86031.739,89918.601,87657.644,90362.518,96458.62,96859.667,95585.227,98881.599,103564.841,91086.84,94889.135
Valores constantes|Millones de pesos|B.1bV---Valor agregado bruto|Veracruz de Ignacio de la Llave<C1>,411742.585,442572.805,444623.143,434154.35,447494.32,456578.073,448836.665,458544.085,465543.898,480047.163,501400.217,519830.748,535733.762,547798.588,580628.682,563393.427,585546.211,603388.826,623931.966,613825.678,617345.854,605429.892,602163.463,613590.201,643859.491,648906.398,684557.368,705608.578,704314.03,688981.395,718148.55,746817.731,779730.434,781357.276,780785.356,785745.931,784930.108,776072.856,794018.647,801594.693,738747.441,767013.242
Valores constantes|Millones de pesos|B.1bV---Valor agregado bruto|Yucatán<C1>,87934.565,95449.569,95772.004,92941.08,96022.62,97940.726,95553.677,97635.024,99038.933,102418.83,107448.34,111614.691,115190.89,119713.936,127858.8,119697.961,126563.704,133911.571,142108.839,147533.592,158132.945,160886.253,159571.753,161636.497,169013.747,176907.681,185462.602,191217.075,193158.623,189365.458,196149.981,202893.85,214700.599,215788.237,223858.768,230374.526,242505.306,252391.124,261283.809,263341.632,242552.378,259829.011
Valores constantes|Millones de pesos|B.1bV---Valor agregado bruto|Zacatecas<C1>,52903.602,56625.33,57223.942,56881.979,58713.776,60179.363,59892.859,61457.533,62688.035,64913.912,68219.296,71392.918,74863.619,77488.535,80413.207,81493.113,80925.45,83720.472,90020.358,88345.985,87995.598,91169.187,98038.536,101406.31,105664.685,105661.441,112108.368,115935.139,126383.577,130512,144730.56,144876.886,148728.64,146858.788,156808.457,159905.359,157998.056,157621.131,157631.239,151882.034,145444.441,150781.616
Valores constantes|Participación porcentual|B.1bV---Valor agregado bruto|Estados Unidos Mexicanos<C1>,100,100,100,100,100,100,100,100,100,100,100,100,100,100,100,100,100,100,100,100,100,100,100,100,100,100,100,100,100,100,100,100,100,100,100,100,100,100,100,100,100,100
Valores constantes|Participación porcentual|B.1bV---Valor agregado bruto|Aguascalientes<C1>,0.693867505,0.70432766,0.707395393,0.702522144,0.710359292,0.718387003,0.717337306,0.72664926,0.735430002,0.746982339,0.763009396,0.777172277,0.794779877,0.806695688,0.820491547,0.832270729,0.838523281,0.842430066,0.851101298,0.845976654,0.875012077,0.925019476,0.968886053,0.965018069,0.969712515,0.97116219,0.991371895,1.054442417,1.048063138,1.049591193,1.060486086,1.06840997,1.086812574,1.104805287,1.18554174,1.195582947,1.246411552,1.250478615,1.270483194,1.259201432,1.256834567,1.213066122
Valores constantes|Participación porcentual|B.1bV---Valor agregado bruto|Baja California<C1>,3.125354245,3.210466345,3.185153913,3.05204965,3.081584737,3.106748531,2.990967942,3.00693848,2.999816602,3.023395874,3.066664324,3.079602826,3.120702598,3.038167751,3.112712327,2.991752434,3.162685387,3.335071057,3.306694032,3.50682921,3.656922734,3.399839128,3.258233618,3.181075555,3.241250768,3.244060448,3.273323773,3.238152394,3.176867992,2.987467813,2.98321205,2.962534873,2.955250425,2.9760021,2.975771729,3.084907237,3.153546677,3.192921524,3.197771038,3.256710821,3.399546709,3.516412203
Valores constantes|Participación porcentual|B.1bV---Valor agregado bruto|Baja California Sur<C1>,0.535713466,0.53335721,0.53698576,0.550277365,0.552384818,0.555824242,0.568806833,0.571936884,0.574821756,0.579524749,0.573180678,0.577858412,0.57945244,0.545588812,0.53767724,0.546177765,0.578141583,0.565994158,0.552507683,0.555550322,0.564813755,0.598246674,0.582016335,0.605517607,0.624840729,0.65477593,0.672263601,0.74502573,0.756628463,0.793775419,0.770995756,0.771103323,0.760455511,0.735347692,0.722137789,0.787245229,0.788742989,0.856193089,0.978464521,0.899768685,0.748024238,0.828464273
Valores constantes|Participación porcentual|B.1bV---Valor agregado bruto|Campeche<C1>,7.372210737,7.396041848,7.37766291,7.195478644,7.265026889,7.40105553,7.439366984,7.583890245,7.725044437,7.793938077,7.833651717,7.787294829,7.755611107,7.47921094,7.504633378,7.429860556,7.6594918,7.583038502,7.451974496,6.874910359,7.049669387,7.612524104,7.814391834,8.34065253,8.118814044,7.780606944,7.280542755,6.647570046,6.02128514,5.720443577,5.253257686,4.883797993,4.632152235,4.609746131,4.26946246,3.84576114,3.53664356,3.103799736,2.991117905,2.928266683,2.957500771,2.713226167
Valores constantes|Participación porcentual|B.1bV---Valor agregado bruto|Coahuila de Zaragoza<C1>,2.977550706,3.002064387,2.999843382,2.933568185,2.952522681,2.980502857,2.925188526,2.933830181,2.922226803,2.9097494,2.921298332,2.904792439,2.948402759,2.934329873,2.877245234,2.963242783,3.221140399,3.28738692,3.283048827,3.278595818,3.194620429,3.203349767,3.37548203,3.476151466,3.441534344,3.437799434,3.448962449,3.511030998,3.459940262,3.086976875,3.413726996,3.517170381,3.561350971,3.440644805,3.480498297,3.40137749,3.369597643,3.472179293,3.435566981,3.418224924,3.288482234,3.329703278
Valores constantes|Participación porcentual|B.1bV---Valor agregado bruto|Colima<C1>,0.550059581,0.543702431,0.549110446,0.561662551,0.562467828,0.567545659,0.581107629,0.584529151,0.587611662,0.584422779,0.578985775,0.573133423,0.566603313,0.56282354,0.562725121,0.565948653,0.572587455,0.559838472,0.568965066,0.57221313,0.565311895,0.556528286,0.561547894,0.539313344,0.519467289,0.511384427,0.520650255,0.543874318,0.548184761,0.560110172,0.571278491,0.591195022,0.586743133,0.584444594,0.583197472,0.578295884,0.580455875,0.588808722,0.593353257,0.617562584,0.620984003,0.594815393
Valores constantes|Participación porcentual|B.1bV---Valor agregado bruto|Chiapas<C1>,2.155452955,2.087713659,2.103912557,2.173335659,2.160054446,2.165722289,2.23924465,2.245205002,2.260280672,2.247034064,2.216277025,2.197355457,2.193753185,2.207290095,2.198499805,2.312907675,2.163414016,2.086805337,2.089777339,2.031255029,1.964046297,1.958204738,1.988852486,1.975644156,1.826538989,1.800154073,1.783127265,1.771629577,1.79333649,1.880774286,1.888111525,1.878531896,1.845206163,1.795896569,1.830001105,1.735959058,1.690171757,1.601753541,1.512118676,1.48128404,1.561357079,1.573728535
Valores constantes|Participación porcentual|B.1bV---Valor agregado bruto|Chihuahua<C1>,2.641600667,2.672007477,2.6615888,2.632163487,2.641917842,2.655531391,2.61765547,2.619135766,2.598329878,2.586627634,2.607716549,2.603846954,2.612162172,2.638305352,2.640446263,2.699425442,2.751936042,2.746457432,2.823386032,2.90878979,3.001167553,2.874521763,2.83664526,2.8698435,2.886151751,2.915934252,3.012131075,3.049219624,3.060475843,2.938621815,2.910986321,2.873325298,2.975610411,3.044823705,3.022896293,3.079981767,3.145614387,3.182362204,3.18665181,3.242830205,3.312352774,3.322649704
Valores constantes|Participación porcentual|B.1bV---Valor agregado bruto|Ciudad de México<C1>,18.50537537,18.68929075,18.64661034,18.74567424,18.63452315,18.25745363,18.02993761,17.7169741,17.49556681,17.49893667,17.43293243,17.59443888,17.57949361,18.01618188,17.93111839,17.89292648,17.48649467,17.54424855,17.19755335,17.29394843,17.48673921,17.34448938,17.51170118,16.98313172,17.06385037,16.91743059,17.04585079,16.89692316,17.01334867,17.30965533,17.04878854,17.03308374,17.06912007,17.0883545,17.10664714,17.30937528,17.41336572,17.57399517,17.66235145,17.7336611,17.53116976,17.27985528
Valores constantes|Participación porcentual|B.1bV---Valor agregado bruto|Durango<C1>,1.236320032,1.221406288,1.215645482,1.220967806,1.213789606,1.213054132,1.220657848,1.219820932,1.218429624,1.212429113,1.205339859,1.195364615,1.179746947,1.170989652,1.177056784,1.201650323,1.191198673,1.157526495,1.181993375,1.153225933,1.109471782,1.158195768,1.167865744,1.217624386,1.208076468,1.161260981,1.151271718,1.141465576,1.150633822,1.194879186,1.179371228,1.185245521,1.185555989,1.208575123,1.201012846,1.163419325,1.181571427,1.151537827,1.142698183,1.155016737,1.165605269,1.175990736
Valores constantes|Participación porcentual|B.1bV---Valor agregado bruto|Guanajuato<C1>,3.098076239,3.110508687,3.118845554,3.130940643,3.139251031,3.149454244,3.157389136,3.165973628,3.17056631,3.174446196,3.182445776,3.181360313,3.176161502,3.186711002,3.166678803,3.252861524,3.244567596,3.222542989,3.27552406,3.241054246,3.262280731,3.293652003,3.441698981,3.49033137,3.455397775,3.406016122,3.428567741,3.428607325,3.492556574,3.52912956,3.603360115,3.684933215,3.699839697,3.800997135,3.859331018,3.943745807,3.964824373,4.063399882,4.028469682,3.972563691,3.993614241,4.005425928
Valores constantes|Participación porcentual|B.1bV---Valor agregado bruto|Guerrero<C1>,1.891332633,1.809784981,1.818253624,1.876566081,1.848535338,1.838803562,1.88758117,1.874386918,1.867364958,1.837275258,1.800135438,1.772444504,1.7410987,1.693611228,1.710238837,1.706952118,1.642483449,1.580747805,1.561299247,1.538629831,1.479821291,1.497127444,1.486409061,1.454832798,1.475461285,1.462570848,1.432310341,1.437302918,1.44614553,1.474437655,1.476342112,1.441792865,1.413509084,1.398815417,1.41692145,1.384732732,1.378974451,1.350817988,1.359710661,1.362781324,1.341844576,1.334497828
Valores constantes|Participación porcentual|B.1bV---Valor agregado bruto|Hidalgo<C1>,1.543640091,1.535965384,1.540860356,1.549428875,1.550167271,1.558744314,1.570922535,1.575975868,1.578848162,1.574925576,1.577085776,1.579428495,1.588018224,1.585794714,1.554149468,1.442326429,1.504743323,1.4641147,1.52198906,1.5019099,1.461204308,1.451392115,1.446304141,1.429666969,1.467735577,1.424016628,1.402621151,1.414682552,1.449724803,1.432981301,1.437415167,1.442404691,1.443828093,1.476624564,1.51280511,1.56033898,1.58299912,1.55869039,1.56483844,1.54223979,1.498143573,1.475512856
Valores constantes|Participación porcentual|B.1bV---Valor agregado bruto|Jalisco<C1>,6.878293058,6.87214819,6.870405734,6.854361748,6.85168331,6.859147414,6.857204351,6.859121611,6.857117656,6.84087519,6.820155636,6.785133739,6.758659608,6.72998535,6.650770206,6.50444975,6.434835553,6.46444286,6.589353645,6.670617795,6.649234216,6.541540844,6.484695515,6.329729006,6.277357641,6.30915763,6.359811359,6.405991979,6.377761427,6.376642886,6.447505604,6.407374888,6.449915633,6.511560194,6.642473899,6.664197547,6.766531097,6.789549786,6.82480065,6.887419993,6.910710985,6.965203332
Valores constantes|Participación porcentual|B.1bV---Valor agregado bruto|México<C1>,8.522299591,8.4892475,8.483618753,8.502351394,8.472705635,8.42675876,8.415196786,8.378335898,8.357599476,8.348874273,8.328350721,8.329794516,8.319400711,8.332228548,8.254525275,8.124176249,8.275936924,8.40081258,8.389798573,8.469121024,8.526287995,8.610474681,8.471477285,8.347757081,8.228231922,8.236437681,8.259782165,8.310788891,8.318854382,8.343217192,8.547794308,8.627761129,8.683787573,8.727145726,8.727691381,8.716734775,8.747022182,8.984091741,9.084872023,8.947353547,9.13203311,9.245470147
Valores constantes|Participación porcentual|B.1bV---Valor agregado bruto|Michoacán de Ocampo<C1>,2.311128904,2.263322202,2.291194536,2.361642412,2.359733496,2.3761964,2.444655416,2.455698984,2.469200557,2.454295477,2.427893751,2.405066053,2.373010213,2.304827625,2.34678581,2.446142011,2.389542926,2.476951661,2.373991496,2.45081893,2.374018763,2.328280036,2.301660095,2.344659929,2.306557789,2.292723791,2.300212469,2.30294303,2.323568487,2.322613847,2.297645305,2.307611976,2.281320443,2.297990942,2.362928448,2.328419888,2.367795022,2.393890074,2.397342689,2.40316571,2.439643625,2.38806387
Valores constantes|Participación porcentual|B.1bV---Valor agregado bruto|Morelos<C1>,1.287984486,1.270606012,1.270577988,1.276363171,1.273724441,1.278412944,1.291475027,1.296892114,1.302543913,1.300053139,1.294797678,1.284544083,1.277254998,1.289306521,1.261430071,1.189217408,1.186490637,1.184272906,1.218058013,1.245318596,1.206394837,1.253831045,1.221560296,1.258495984,1.223957579,1.283211267,1.207186688,1.187876019,1.178055781,1.23345253,1.219199987,1.17424359,1.138733213,1.164294375,1.155540081,1.130754092,1.144775516,1.172768262,1.13729984,1.138054126,1.10301181,1.093628602
Valores constantes|Participación porcentual|B.1bV---Valor agregado bruto|Nayarit<C1>,0.720551667,0.713421707,0.716239547,0.730650074,0.72786693,0.727331272,0.736049914,0.735128565,0.734153705,0.732293976,0.735049094,0.739312769,0.745506539,0.748467236,0.738008116,0.690844837,0.662902928,0.630470934,0.650991948,0.652508091,0.631181044,0.653045176,0.63758319,0.605976262,0.665707642,0.676294036,0.661568863,0.643133791,0.68245887,0.681673274,0.681322493,0.676966503,0.653232239,0.662468692,0.678319921,0.687979697,0.703505898,0.698219533,0.681533182,0.685170815,0.658667524,0.681852231
Valores constantes|Participación porcentual|B.1bV---Valor agregado bruto|Nuevo León<C1>,5.178668577,5.262216356,5.277789788,5.244515907,5.289343316,5.312591709,5.282854428,5.308544584,5.331241524,5.374445494,5.419565832,5.45948551,5.505882663,5.573302514,5.630971926,5.580353252,5.562649628,5.679086726,5.807810015,5.986828957,6.080774666,6.087590878,6.23844313,6.400842401,6.51185291,6.633632281,6.79643841,7.047872906,7.084524131,6.980419084,7.142946202,7.191630113,7.218056547,7.191889238,7.226969976,7.407273547,7.405533314,7.539316043,7.644482025,7.76984301,7.781204791,7.892560587
Valores constantes|Participación porcentual|B.1bV---Valor agregado bruto|Oaxaca<C1>,1.901150385,1.847112546,1.851054405,1.89473506,1.875922472,1.870469684,1.906789269,1.898465575,1.891217786,1.86793964,1.845121115,1.826418618,1.810627363,1.799374089,1.852049128,1.809390776,1.759417938,1.67895754,1.635779046,1.636734274,1.612443507,1.630357241,1.635226005,1.616070042,1.614912601,1.600851584,1.564981476,1.542080851,1.573544517,1.644942171,1.589205523,1.579450461,1.553238851,1.569532332,1.557457202,1.571906669,1.510846924,1.445593629,1.473004459,1.431516121,1.457538197,1.464676014
Valores constantes|Participación porcentual|B.1bV---Valor agregado bruto|Puebla<C1>,2.888516454,2.872962543,2.875519258,2.865731925,2.872316709,2.894523053,2.905051156,2.926071883,2.941470472,2.940225108,2.933980356,2.899029803,2.871409411,2.861741354,2.871721004,2.799609634,2.873768263,2.926493619,3.005494668,3.161216348,3.115107712,3.175485614,3.118553749,3.152352441,3.110241912,3.207882948,3.210028603,3.267879558,3.256109115,3.169411928,3.274489411,3.316482721,3.397228385,3.319498525,3.27500779,3.26069512,3.269880423,3.399231122,3.411302533,3.370266418,3.25810246,3.184839351
Valores constantes|Participación porcentual|B.1bV---Valor agregado bruto|Querétaro<C1>,1.354190168,1.3902613,1.386688775,1.345623991,1.361857854,1.37654134,1.348708097,1.361101775,1.367270444,1.380379743,1.404424178,1.422341036,1.459226823,1.483893528,1.521080835,1.52042128,1.570222722,1.647829138,1.718157437,1.728749649,1.718078393,1.718763107,1.712298986,1.688868039,1.746400565,1.822866796,1.855151475,1.905522698,1.932605073,1.980514105,2.002474539,2.076293702,2.062695394,2.045627467,2.132713568,2.185957364,2.225507106,2.279943189,2.297828653,2.282902811,2.245660985,2.279724572
Valores constantes|Participación porcentual|B.1bV---Valor agregado bruto|Quintana Roo<C1>,0.907166575,0.902644235,0.897679909,0.903509141,0.901481546,0.896850237,0.907380875,0.912512286,0.924583258,0.939186715,0.950594789,0.969607177,0.991791583,1.012945873,1.00361358,1.024411542,1.050612517,1.080090033,1.103412016,1.073198886,1.061132333,1.120509724,1.118866041,1.148433891,1.202554292,1.226289142,1.251595141,1.353292408,1.409581418,1.360377381,1.359694678,1.38516178,1.397900172,1.440121088,1.451733855,1.4721962,1.539801698,1.570771613,1.618717404,1.642600118,1.362738568,1.512257153
Valores constantes|Participación porcentual|B.1bV---Valor agregado bruto|San Luis Potosí<C1>,1.752347351,1.755538046,1.750318283,1.739076069,1.738810647,1.738740993,1.731345559,1.733506591,1.735594997,1.741055631,1.750413215,1.755996236,1.758379629,1.764806413,1.803467083,1.724700672,1.737339427,1.731922404,1.737540634,1.738170915,1.736715176,1.729841385,1.735967341,1.785798146,1.819555257,1.852304014,1.856595516,1.854265633,1.874807804,1.874528925,1.87701853,1.908346515,1.926602982,1.968317795,1.971203291,1.986556143,2.014214807,2.046634771,2.089347559,2.086542165,2.095935113,2.082638076
Valores constantes|Participación porcentual|B.1bV---Valor agregado bruto|Sinaloa<C1>,2.510352582,2.490327591,2.489203424,2.525374775,2.515752215,2.523742072,2.545223771,2.547309968,2.536134693,2.519619447,2.529553778,2.522252061,2.491111307,2.489443942,2.43340649,2.458876505,2.349258027,2.252830515,2.222472176,2.22606236,2.271883873,2.232356722,2.159707234,2.13587722,2.181177318,2.140503711,2.117174434,2.144047875,2.196668363,2.220501387,2.17841684,2.142827349,2.139793578,2.135814271,2.116602461,2.164421035,2.216618771,2.198452661,2.208288383,2.253773134,2.268545604,2.247948324
Valores constantes|Participación porcentual|B.1bV---Valor agregado bruto|Sonora<C1>,3.010615224,3.052531373,3.031309404,2.952770478,2.965435323,2.989870411,2.918492411,2.928828218,2.91166005,2.908840109,2.958069444,2.972043849,3.01814928,3.012458492,3.131490098,3.16750258,3.105571071,3.207829162,3.252749743,3.284056682,3.388505825,3.291698917,3.038301039,2.910507735,2.946084901,3.033336009,3.083865873,3.054463055,3.032177802,3.006724977,3.006479049,3.169646531,3.213831063,3.262341469,3.254445846,3.314995563,3.40906029,3.323674549,3.284589078,3.287278771,3.380511469,3.356670959
Valores constantes|Participación porcentual|B.1bV---Valor agregado bruto|Tabasco<C1>,3.53934946,3.524386466,3.527796368,3.514433198,3.526807422,3.557020858,3.600706299,3.636303695,3.680272546,3.698211867,3.700397597,3.706068804,3.713074774,3.725358715,3.570163801,3.755425548,3.823128752,3.676132606,3.618219532,3.473417754,3.289683626,3.208253253,3.024743637,2.985016841,2.997873009,3.154693632,3.196449284,3.185522138,3.299388024,3.633677341,3.658007669,3.695608011,3.655006703,3.53922943,3.515209383,3.391026491,3.148440518,2.9393766,2.639508851,2.540984715,2.8497751,2.947685197
Valores constantes|Participación porcentual|B.1bV---Valor agregado bruto|Tamaulipas<C1>,2.747590111,2.744158586,2.748290962,2.732359881,2.747725627,2.779168823,2.776771702,2.798709141,2.804986831,2.79901043,2.803833742,2.774107724,2.758560508,2.722086917,2.78393815,2.758221285,2.807294707,2.813236711,2.930292855,3.03935836,3.050096717,2.918242333,3.03312146,3.117853017,3.142460928,3.270153402,3.227312148,3.255175397,3.355959382,3.221876466,3.12292784,3.070548403,3.022302819,3.025333389,2.974336317,2.971075853,2.946895718,2.875792894,2.872630511,2.928892375,2.907512126,2.825937958
Valores constantes|Participación porcentual|B.1bV---Valor agregado bruto|Tlaxcala<C1>,0.652611304,0.650502864,0.651019473,0.651052247,0.651881378,0.655230127,0.65905285,0.660787499,0.661735087,0.659747344,0.659531485,0.662241339,0.667476185,0.659370873,0.650700681,0.65188496,0.667071143,0.684299957,0.658343253,0.687526322,0.678778704,0.704724936,0.682716257,0.662899028,0.688007678,0.593953633,0.559096895,0.554349654,0.577992062,0.598888146,0.618780705,0.57833366,0.582714306,0.560377001,0.56240512,0.581797539,0.570348182,0.551565369,0.558613191,0.586236237,0.558934064,0.556838453
Valores constantes|Participación porcentual|B.1bV---Valor agregado bruto|Veracruz de Ignacio de la Llave<C1>,5.596369668,5.494112775,5.519984335,5.635908131,5.613357338,5.62169581,5.739206966,5.744405207,5.758435662,5.728457882,5.687059676,5.667283192,5.6427096,5.606435929,5.668800828,5.862526456,5.704980873,5.503220524,5.409250211,5.182056984,4.960791744,4.887236158,4.864130609,4.88562038,4.933529409,4.861551687,4.913778706,4.950088391,4.890133526,5.048020101,5.003682428,5.020354546,5.053015436,4.995053795,4.859511349,4.739286642,4.621980171,4.478253858,4.485660571,4.537484462,4.533158793,4.501068187
Valores constantes|Participación porcentual|B.1bV---Valor agregado bruto|Yucatán<C1>,1.195199016,1.184913963,1.189006848,1.20650038,1.204505297,1.205911982,1.221830504,1.223121524,1.225038769,1.222175651,1.218717306,1.216842337,1.213268207,1.225210372,1.248312551,1.24554606,1.233111063,1.22134331,1.232028986,1.245512379,1.270705234,1.298728595,1.288981972,1.287006479,1.295056302,1.325377339,1.331257579,1.341453963,1.341122593,1.387440423,1.366670187,1.363919227,1.391359621,1.379489108,1.393269245,1.389521563,1.42796754,1.456398734,1.476074251,1.490664264,1.488368533,1.524756069
Valores constantes|Participación porcentual|B.1bV---Valor agregado bruto|Zacatecas<C1>,0.719061191,0.702948634,0.710433697,0.738404689,0.736504109,0.740968725,0.765840985,0.769908465,0.775404893,0.774625161,0.77376753,0.77833773,0.788514168,0.793055178,0.785091175,0.847996281,0.788457231,0.763574332,0.780441886,0.745837043,0.707104184,0.735948709,0.791931549,0.807432606,0.809648438,0.791606553,0.80471811,0.813325126,0.877495749,0.956233658,1.008406631,0.973910103,0.963830679,0.938837544,0.975956414,0.964481395,0.930355295,0.909537594,0.890508348,0.859739187,0.892487351,0.884832618
Valores constantes|Índice de volumen físico base 2013=100|B.1bP---Producto interno bruto<C1>,46.95505505,51.41029735,51.40639873,49.16354752,50.87773851,51.8335161,49.91135975,50.94469772,51.596362,53.48218531,56.26776869,58.53963511,60.59325429,62.45287427,65.53872117,61.41552894,65.57536156,70.06520973,73.68332475,75.71223505,79.45427725,79.13297196,79.10144186,80.24555139,83.3916511,85.31616952,89.15119779,91.19404909,92.23693018,87.36152205,91.83278796,95.19663027,98.66399872,100,102.8497733,106.2367721,109.0313649,111.3353384,113.7791432,113.5526684,104.4821808,109.4143303
"Valores constantes|Índice de volumen físico base 2013=100|D.21-D.31---Impuestos sobre los productos, netos",45.0143695,49.28547359,49.28173608,47.13158346,48.77492579,49.69120033,47.8484881,48.83911741,49.46384806,51.271729,53.9421822,56.12015079,58.08889237,62.19718502,67.0266654,60.9299483,64.61925241,69.3952431,72.33837648,75.42294939,76.96880592,77.63413416,78.1346184,79.2056893,82.43852437,84.99503598,91.38881884,92.87616904,96.25789408,90.05372028,93.82678462,97.63142135,99.0803047,100,106.1971344,112.3513144,120.5055838,124.8806936,129.0295746,128.7682347,111.9240169,121.1662847
Valores constantes|Índice de volumen físico base 2013=100|B.1bV---Valor agregado bruto|Estados Unidos Mexicanos<C1>,47.03378199,51.49649414,51.49258899,49.24597732,50.9630424,51.92042248,49.99504336,51.03011388,51.68287076,53.57185593,56.36210974,58.63778527,60.69484764,62.46324671,65.47836041,61.43522729,65.61414763,70.09238799,73.73788469,75.72397039,79.55510428,79.19377467,79.14066257,80.28773494,83.43031621,85.32919683,89.06042521,91.12581111,92.07381348,87.25230886,91.75189839,95.09785927,98.64711076,100,102.7139823,105.9887263,108.5658955,110.78585,113.1604858,112.9354253,104.180291,108.9375939
Valores constantes|Índice de volumen físico base 2013=100|B.1bV---Valor agregado bruto|Aguascalientes<C1>,29.53933455,32.82968106,32.97017192,31.3144678,32.76782902,33.76066094,32.46120392,33.56337531,34.40346839,36.22107057,38.92524759,41.24859071,43.66293694,45.60878953,48.62797259,46.28031927,49.79971675,53.44646313,56.80495029,57.98371155,63.00809549,66.30651107,69.40434222,70.1292036,73.22866997,75.00732538,79.91634684,86.97181459,87.34495668,82.89176021,88.07127622,91.96507491,97.04055696,100,110.2200676,114.697418,122.4811177,125.3934408,130.1301661,128.7181107,118.5162603,119.6124839
Valores constantes|Índice de volumen físico base 2013=100|B.1bV---Valor agregado bruto|Baja California<C1>,49.39419573,55.55364404,55.1114602,50.50438903,52.77110981,54.2014726,50.2464605,51.56058628,52.09644636,54.42500467,58.07914959,60.67908664,63.64597951,63.76804028,68.48627547,61.76036998,69.73009391,78.54937148,81.93160322,89.2307943,97.75761563,90.47241393,86.64603002,85.82028586,90.86639303,93.01507968,97.95813217,99.15290831,98.28835504,87.58846789,91.97418539,94.66751533,97.95924403,100,102.7060313,109.8673247,115.0428015,118.8609797,121.5931011,123.5879577,119.0072297,128.719494
Valores constantes|Índice de volumen físico base 2013=100|B.1bV---Valor agregado bruto|Baja California Sur<C1>,34.2649207,37.35107449,37.60233062,36.85188232,38.28285747,39.24487665,38.67221257,39.69007398,40.40053276,42.21977806,43.9325133,46.07934159,47.82741269,46.34440135,47.87697642,45.63087026,51.58684464,53.94982879,55.40338025,57.20895927,61.10553912,64.4285864,62.63861146,66.11244946,70.89253171,75.97970971,81.42009933,92.3251336,94.73840567,94.1850213,96.19983176,99.72190859,102.0153321,100,100.868812,113.4689345,116.4491164,128.9921491,150.573017,138.1873639,105.9762391,122.7322877
Valores constantes|Índice de volumen físico base 2013=100|B.1bV---Valor agregado bruto|Campeche<C1>,75.21953329,82.62282019,82.411255,76.86939107,80.31849538,83.35945603,80.68372191,83.95403387,86.61051214,90.57672936,95.77992479,99.05745544,102.1153055,101.3452335,106.5982974,99.01959001,109.0235799,115.3020712,119.2024073,112.9336613,121.6633557,130.7804164,134.1583961,145.268759,146.9398105,144.0237537,140.6602913,131.4096688,120.2675091,108.2753574,104.5602842,100.7514776,99.12659431,100,95.13180971,88.42294422,83.29284613,74.59349869,73.42624638,71.74040256,66.83953568,64.11900395
Valores constantes|Índice de volumen físico base 2013=100|B.1bV---Valor agregado bruto|Coahuila de Zaragoza<C1>,40.70326311,44.93221471,44.89556785,41.98818549,43.73294749,44.97673439,42.50509293,43.51326472,43.89557154,45.30565765,47.85455823,49.50542848,52.01142994,53.27134335,54.75639338,52.91086531,61.42813155,66.97023742,70.36037996,72.15748985,73.86649181,73.73192351,77.64180828,81.11628584,83.45188614,85.25863062,89.27572581,92.98999624,92.590172,78.28354131,91.03407942,97.2129914,102.1078907,100,103.9037334,104.7791005,106.3240777,111.8012338,112.9934796,112.199517,99.57291599,105.4249665
Valores constantes|Índice de volumen físico base 2013=100|B.1bV---Valor agregado bruto|Colima<C1>,44.2666126,47.90662678,48.37946799,47.32633603,49.04668816,50.4191684,49.70958992,51.03749685,51.96293698,53.56985636,55.83567738,57.50292658,58.84202223,60.15246956,63.04501523,59.4909843,64.28297598,67.14137795,71.78487217,74.13919225,76.95074468,75.41104184,76.04018055,74.08785584,74.15471142,74.66237668,79.33914282,84.80014853,86.36141391,83.61939911,89.6849533,96.19625469,99.03507613,100,102.4948053,104.8736609,107.8249547,111.6131032,114.885386,119.3349957,110.693631,110.8706597
Valores constantes|Índice de volumen físico base 2013=100|B.1bV---Valor agregado bruto|Chiapas<C1>,56.45041377,59.86421272,60.3241336,59.59588122,61.29693002,62.61230082,62.33718317,63.79714117,65.04706111,67.02935303,69.55525785,71.74581192,74.14097093,76.77196348,80.15726801,79.12148794,79.04161581,81.44632149,85.80436264,85.64785875,87.00384568,86.35108917,87.64374646,88.32356888,84.85384296,85.53148545,88.42718184,89.89447667,91.94256082,91.37603009,96.46313701,99.47363618,101.3556459,100,104.6645472,102.4513843,102.1745982,98.80949195,95.27947598,93.15093413,90.57461199,95.46106555
Valores constantes|Índice de volumen físico base 2013=100|B.1bV---Valor agregado bruto|Chihuahua<C1>,40.80514405,45.19112788,45.01150524,42.57174665,44.21936507,45.28219862,42.98107588,43.8957422,44.10407968,45.51016951,48.27090846,50.1453724,52.07026757,54.12369783,56.78229968,54.46614703,59.30259194,63.22394286,68.37522755,72.34084245,78.41445706,74.76433805,73.72971546,75.67375211,79.08259279,81.71715405,88.10417297,91.25737266,92.54712563,84.20899307,87.71887867,89.74151257,96.40471773,100,101.9742838,107.2125602,112.1596769,115.7901856,118.4315093,120.2796758,113.3339429,118.8776426
Valores constantes|Índice de volumen físico base 2013=100|B.1bV---Valor agregado bruto|Ciudad de México<C1>,50.93397325,56.32098469,56.18810415,54.0221148,55.57422125,55.47255625,52.74981349,52.90732974,52.91446398,54.85902778,57.49862288,60.3743871,62.43928789,65.85474418,68.70762381,64.32778566,67.14288629,71.96235756,74.20908819,76.63502294,81.40979061,80.38079875,81.10129236,79.79335744,83.31067995,84.47570331,88.83890603,90.10497933,91.6696744,88.38226016,91.53945829,94.79027376,98.5360749,100,102.823935,107.3595846,110.6307599,113.9343167,116.9615407,117.2001996,106.8799438,110.1584039
Valores constantes|Índice de volumen físico base 2013=100|B.1bV---Valor agregado bruto|Durango<C1>,48.1135229,52.0432206,51.79382891,49.75094367,51.18292607,52.11284083,50.4948686,51.50494984,52.10428343,53.74268964,56.21123266,57.99683635,59.24709176,60.52070254,63.77075523,61.08322049,64.67077147,67.13177744,72.11607252,72.256035,73.03157384,75.89258868,76.47490586,80.8888931,83.3958931,81.98866992,84.83771244,86.06579309,87.65962656,86.26353942,89.53481422,93.26214783,96.76822792,100,102.0712821,102.0286866,106.1401626,105.5574407,106.9923408,107.9306564,100.47625,106.000528
Valores constantes|Índice de volumen físico base 2013=100|B.1bV---Valor agregado bruto|Guanajuato<C1>,38.33579381,42.14165039,42.25139524,40.56467985,42.09047724,43.02055201,41.52957794,42.50463472,43.11078462,44.74114771,47.1900798,49.07868022,50.71738589,52.3684466,54.55119502,52.57575315,56.0088655,59.42538904,63.54390883,64.5687137,68.27973675,68.62323894,71.65970614,73.72560144,75.84455309,76.46220447,80.33410446,82.19806866,84.60227438,81.01155868,86.98115768,92.19403431,96.02177625,100,104.2903333,109.969195,113.2452073,118.4339777,119.9326309,118.0330197,109.4596705,114.7965778
Valores constantes|Índice de volumen físico base 2013=100|B.1bV---Valor agregado bruto|Guerrero<C1>,63.59418522,66.62607554,66.93276709,66.06542188,67.34768838,68.25164823,67.46401369,68.37941352,68.99465118,70.36399816,72.53239409,74.30016779,75.54657967,75.62717328,80.05604855,74.96842692,77.04386881,79.20872698,82.30314193,83.29273353,84.16216729,84.75969883,84.09644082,83.50296162,88.00174779,89.21834449,91.19299546,93.63307881,95.18920949,91.96931066,96.83707353,98.0196624,99.68333594,100,104.0434949,104.9216764,107.0259838,106.9844649,109.997014,110.0261596,99.93724458,103.9286389
Valores constantes|Índice de volumen físico base 2013=100|B.1bV---Valor agregado bruto|Hidalgo<C1>,49.16837584,53.5659736,53.73260811,51.67402813,53.50123674,54.80788097,53.18775145,54.46355831,55.2607667,57.13821109,60.19667,62.72020068,65.27354787,67.08129399,68.9160681,60.00824728,66.86361108,69.49857,76.00324183,77.02064804,78.72431756,77.84051743,77.5156196,77.7345342,82.92808225,82.28916013,84.59701888,87.30323072,90.39649915,84.6734709,89.31557392,92.89402443,96.45611571,100,105.2307006,111.9975552,116.386874,116.9429549,119.9207182,117.953819,105.6985217,108.855578
Valores constantes|Índice de volumen físico base 2013=100|B.1bV---Valor agregado bruto|Jalisco<C1>,49.68273754,54.34819436,54.33029382,51.83853532,53.6250325,54.69193572,52.6488612,53.75390021,54.4255931,56.28119362,59.03321922,61.10136486,62.99808386,64.5585271,66.87821591,61.36814171,64.84102694,69.58520286,74.61882939,77.57367655,81.23713912,79.55840015,78.81415273,78.04575087,80.42956178,82.6768604,86.98491407,89.64844026,90.18189168,85.44447076,90.84932971,93.57628851,97.71322431,100,104.7790278,108.4732059,112.8169726,115.5154866,118.6041032,119.4542756,110.5664173,116.5269873
Valores constantes|Índice de volumen físico base 2013=100|B.1bV---Valor agregado bruto|México<C1>,45.9297912,50.09272194,50.05571206,47.97749654,49.47721398,50.13332981,48.20798706,48.99052318,49.49438764,51.24982483,53.78659095,55.96797825,57.85909557,59.63668578,61.93236574,57.19059015,62.22178066,67.47143146,70.88755237,73.4851336,77.72412102,78.13505275,76.82217604,76.7974466,78.66076867,80.53132537,84.29098526,86.77835829,87.7662263,83.41386591,89.86630675,94.01488636,98.15701278,100,102.7204044,105.8622883,108.8131591,114.0476247,117.7989418,115.7850699,109.0136337,115.4076377
Valores constantes|Índice de volumen físico base 2013=100|B.1bV---Valor agregado bruto|Michoacán de Ocampo<C1>,47.30268124,50.71959006,51.34029746,50.6100292,52.33232039,53.6873835,53.18587263,54.5322423,55.53345357,57.21570147,59.54819558,61.37001858,62.67626678,62.64907923,66.86870878,65.39594551,68.22821598,75.55097529,76.17658886,80.75999636,82.18714306,80.23760284,79.26702478,81.91826672,83.74134213,85.13361655,89.14652223,91.32218398,93.09863133,88.18721478,91.73809816,95.49600697,97.93148719,100,105.6165133,107.3921806,111.8637077,115.4091349,118.0528863,118.1042695,110.6021692,113.2075533
Valores constantes|Índice de volumen físico base 2013=100|B.1bV---Valor agregado bruto|Morelos<C1>,52.03046825,56.19863536,56.19313423,53.98613367,55.75297282,57.00941407,55.45620708,56.84176928,57.81974914,59.81842815,62.67961981,64.69396543,66.58350251,69.1700252,70.94114215,62.75031751,66.86502442,71.29512758,77.14288003,80.99366492,82.43178795,85.28394136,83.03320298,86.78371561,87.70562664,94.04441788,92.3413889,92.97147527,93.16208217,92.4350262,96.07872001,95.9104965,96.48139147,100,101.941679,102.9354676,106.7458382,111.5921639,110.5368239,110.3901465,98.69676755,102.3257271
Valores constantes|Índice de volumen físico base 2013=100|B.1bV---Valor agregado bruto|Nayarit<C1>,51.15754213,55.45728763,55.6721081,54.31438109,55.99406235,57.00397228,55.54805508,56.62712042,57.27541771,59.2184172,62.53717077,65.43956559,68.30270826,70.5719292,72.94467193,64.06674026,65.65715657,66.70687062,72.46043445,74.58541659,75.79780664,78.06725532,76.16775974,73.44114845,83.83822477,87.1099686,88.93945474,88.46620084,94.85216655,89.78170255,94.36314944,97.17903051,97.27172602,100,105.1716727,110.070246,115.2911054,116.7645286,116.4170126,116.8056065,103.5825167,112.1250594
Valores constantes|Índice de volumen físico base 2013=100|B.1bV---Valor agregado bruto|Nuevo León<C1>,33.8676474,37.67934749,37.78799302,35.91146955,37.48125405,38.35320551,36.72422189,37.66682518,38.31175058,40.03385065,42.47259017,44.51294068,46.4660534,48.40544096,51.2670311,47.66901422,50.75001878,55.34856518,59.54702735,63.03579542,67.26419813,67.03374931,68.648794,71.45676484,75.54147865,78.70567744,84.16337832,89.30103258,90.69927689,84.68674388,91.12749827,95.09443287,99.00603306,100,103.2150026,109.1629004,111.7909814,116.1377086,120.2817884,122.0111288,112.7170001,119.5508623
Valores constantes|Índice de volumen físico base 2013=100|B.1bV---Valor agregado bruto|Oaxaca<C1>,56.97129705,60.60392542,60.72865254,59.44960665,60.9115942,61.87548626,60.73784543,61.72470137,62.2755979,63.75720413,66.25853871,68.2350663,70.01815108,71.61034238,77.264506,70.8238571,73.55229706,74.97911378,76.85020831,78.9662087,81.730149,82.2628125,82.45314024,82.66832135,85.84255715,87.0318993,88.80219469,89.53199974,92.30918113,91.44443822,92.901956,95.69879803,97.6230447,100,101.9237567,106.1490626,104.5065756,102.0376043,106.2009981,103.0044929,96.74649604,101.6597604
Valores constantes|Índice de volumen físico base 2013=100|B.1bV---Valor agregado bruto|Puebla<C1>,40.92722203,44.56923166,44.60551199,42.51418348,44.09762412,45.27336242,43.75304203,44.98202974,45.79716999,47.45093714,49.81635676,51.21035174,52.50183284,53.84959652,56.64577991,51.81344497,56.80371707,61.79395008,66.76274069,72.11325785,74.65667389,75.75803702,74.34990799,76.24502174,78.17098402,82.46006841,86.12340392,89.70878373,90.31556454,83.30731476,90.50783347,95.01146172,100.9570458,100,101.3373224,104.1111843,106.9431101,113.4468675,116.2900507,114.662642,102.2534156,104.5184184
Valores constantes|Índice de volumen físico base 2013=100|B.1bV---Valor agregado bruto|Querétaro<C1>,31.13601384,34.99834845,34.90576673,32.39425048,33.92818128,34.93823245,32.96236528,33.95397242,34.5441498,36.1500351,38.695369,40.77131813,43.29603074,45.3106976,48.68818039,45.66199294,50.36539017,56.46202993,61.93370838,63.99395264,66.81661638,66.53965124,66.24494365,66.28547558,71.22643481,76.03718767,80.76767733,84.88461573,86.98666883,84.47502352,89.81637342,96.52348215,99.47018424,100,107.0867044,113.2595453,118.1124989,123.4757786,127.1118084,126.0349717,114.3676543,121.4041724
Valores constantes|Índice de volumen físico base 2013=100|B.1bV---Valor agregado bruto|Quintana Roo<C1>,29.62769957,32.27715638,32.09720556,30.89614551,31.90165232,32.33397774,31.50050823,32.33450732,33.18131889,34.93732287,37.20348816,39.47974789,41.79970666,43.93511664,45.63155991,43.70115572,47.86753379,52.56925289,56.49751863,56.43058863,58.61902456,61.61800934,61.48635733,64.02597435,69.66739511,72.65935374,77.40154379,85.63159684,90.12126669,82.42089396,86.62783222,91.46864187,95.75501275,100,103.5422415,108.3493614,116.0804821,120.8365532,127.1940599,128.8139897,98.58233578,114.3943082
Valores constantes|Índice de volumen físico base 2013=100|B.1bV---Valor agregado bruto|San Luis Potosí<C1>,41.87307734,45.9296029,45.78956719,43.51050468,45.02071817,45.86462976,43.97597608,44.94245744,45.57217951,47.38644422,50.1224863,52.31255363,54.22121566,56.00494933,59.99441143,53.83143821,57.91445157,61.67427707,65.09242116,66.86989429,70.1942325,69.59885704,69.79848778,72.8427536,77.12477671,80.29984494,84.0053301,85.84561915,87.69961052,83.09480164,87.49604047,92.20038996,96.55646978,100,102.864558,106.9708133,111.0974228,115.1938845,120.1186035,119.7187402,110.9348961,115.2647106
Valores constantes|Índice de volumen físico base 2013=100|B.1bV---Valor agregado bruto|Sinaloa<C1>,55.28166828,60.04414426,60.01248822,58.22816644,60.02880891,61.35072528,59.57848233,60.86180784,61.36990622,63.19870217,66.75252129,69.24725466,70.79155864,72.80537134,74.6017429,70.72789006,72.17133301,73.93258516,76.72970408,78.92366041,84.62344355,82.77346845,80.02599464,80.29010123,85.20231173,85.51654743,88.28317045,91.47710281,94.6972009,90.71194788,93.58205123,95.41011894,98.83090348,100,101.7900623,107.4083228,112.6732811,114.0349374,117.0003355,119.1727346,110.6546315,114.6570116
Valores constantes|Índice de volumen físico base 2013=100|B.1bV---Valor agregado bruto|Sonora<C1>,43.40459803,48.18461386,47.84599365,44.57291469,46.3248889,47.58402404,44.72559234,45.81324147,46.12728356,47.76690751,51.10532917,53.41993493,56.15172796,57.67879903,62.85204636,59.64925584,62.46108835,68.92117466,73.5210853,76.22801392,82.63173453,79.90643062,73.70569868,71.62894373,75.34244872,79.33937259,84.18812333,85.31921812,85.57785137,80.4157685,84.55588197,92.39578461,97.18024671,100,102.4653907,107.6993812,113.4484807,112.86866,113.9321862,113.7987024,107.9539564,112.0874872
Valores constantes|Índice de volumen físico base 2013=100|B.1bV---Valor agregado bruto|Tabasco<C1>,47.03537711,51.28052607,51.32624827,48.90095457,50.78417202,52.18142237,50.86346368,52.42977189,53.7425036,55.9783075,58.9287074,61.40197211,63.67615104,65.74821021,66.05066915,65.18803788,70.87738711,72.80367607,75.38359972,74.31588949,73.94579219,71.78785391,67.63625256,67.71537299,70.668912,76.05821528,80.4347777,82.01878244,85.83428783,89.58072485,94.83113618,99.29969717,101.8741108,100,102.016883,101.5505171,96.57844203,92.00910582,84.39354097,81.08182729,83.88560424,90.72984369
Valores constantes|Índice de volumen físico base 2013=100|B.1bV---Valor agregado bruto|Tamaulipas<C1>,42.71580605,46.71040457,46.77719733,44.47699325,46.28662022,47.69577461,45.88744572,47.20750668,47.91861036,49.5641849,52.23556043,53.7684652,55.34279639,56.20219817,60.25375789,56.01100103,60.88527301,65.17842952,71.4214167,76.07501483,80.20628842,76.39046547,79.3443932,82.74306478,86.66036934,92.23431848,95.00632004,98.0488628,102.1361743,92.92072124,94.71172959,96.51914098,98.5482929,100,100.9825658,104.0878822,105.7511128,105.309769,107.4487412,109.3352908,100.1230015,101.7576717
Valores constantes|Índice de volumen físico base 2013=100|B.1bV---Valor agregado bruto|Tlaxcala<C1>,54.77522759,59.77871479,59.82165229,57.21452541,59.28483544,60.70881736,58.79858692,60.17388512,61.03100033,63.07162784,66.3349599,69.2968579,72.29483946,73.49774425,76.03240968,71.46742388,78.10688934,85.59276702,86.62889228,92.9057094,96.36425204,99.59335891,96.41833404,94.97652709,102.4322876,90.44194594,88.85697863,90.14567286,94.96808972,93.24860477,101.3144798,98.14516461,102.5793039,100,103.0857252,110.0401695,110.4976846,109.0438011,112.8043083,118.1469593,103.912033,108.2496981
Valores constantes|Índice de volumen físico base 2013=100|B.1bV---Valor agregado bruto|Veracruz de Ignacio de la Llave<C1>,52.69581504,56.6415414,56.90394864,55.56412711,57.27140884,58.43396958,57.44320541,58.68558457,59.58143762,61.43760067,64.17041633,66.5292004,68.56450672,70.10859242,74.31026751,72.10445776,74.9396248,77.22316596,79.85232686,78.5588996,79.00942027,77.48438654,77.06634103,78.52876269,82.40269986,83.04861527,87.61131291,90.30549784,90.13981845,88.17751062,91.91039388,95.57954523,99.79179281,100,99.92680429,100.5616707,100.4572597,99.32368711,101.620433,102.5900337,94.54668993,98.16421573
Valores constantes|Índice de volumen físico base 2013=100|B.1bV---Valor agregado bruto|Yucatán<C1>,40.75039781,44.2329806,44.38240255,43.07050342,44.49854234,45.38742582,44.28122604,45.24575823,45.89635393,47.46265664,49.79341854,51.72417763,53.38145007,55.47750779,59.2519786,55.4701047,58.65180872,62.05693733,65.85569305,68.36961739,73.28154083,74.55747136,73.94830933,74.9051474,78.3238926,81.98207811,85.94657641,88.61329869,89.51304561,87.75522736,90.89929262,94.02451812,99.49596975,100,103.7400236,106.7595385,112.3811517,116.9624107,121.0834347,122.0370654,112.4029657,120.4092561
Valores constantes|Índice de volumen físico base 2013=100|B.1bV---Valor agregado bruto|Zacatecas<C1>,36.02344996,38.55767215,38.96528276,38.73243118,39.9797498,40.97770642,40.78261833,41.84804589,42.68592697,44.20158499,46.45230764,48.61331009,50.97660141,52.76397555,54.75546142,55.49079773,55.10426111,57.00746489,61.29722247,60.15709799,59.91851029,62.07949027,66.75701014,69.05021578,71.94985499,71.94764606,76.33752772,78.94327645,86.05789188,88.86904337,98.55083374,98.65047095,101.2732313,100,106.7749905,108.8837523,107.5850197,107.3283616,107.3352444,103.4204599,99.03693404,102.6711565
Valores constantes|Variación porcentual anual|B.1bP---Producto interno bruto<C1>,NA,9.488312378,-0.007583349,-4.362980608,3.486711356,1.878577172,-3.708327138,2.070346266,1.279160154,3.654954036,5.208432235,4.037598203,3.50808332,3.069021463,4.941080684,-6.291230828,6.773258642,6.846852327,5.163925193,2.753554221,4.942453746,-0.404390165,-0.039844458,1.446382644,3.92059081,2.307807066,4.495077894,2.291445714,1.143584587,-5.285744137,5.118118143,3.66300793,3.642322679,1.354091962,2.849773255,3.293151528,2.630532425,2.113129135,2.194994725,-0.199047772,-7.98791234,4.720565298
"Valores constantes|Variación porcentual anual|D.21-D.31---Impuestos sobre los productos, netos",NA,9.488312578,-0.007583386,-4.362980677,3.486711494,1.878577006,-3.70832706,2.070346105,1.279160401,3.654954076,5.208432123,4.037598218,3.508083206,7.072423803,7.764789316,-9.09595765,6.054993007,7.390971756,4.241116884,4.264089223,2.049583769,0.864412838,0.644670346,1.37080199,4.081569254,3.101112777,7.522536804,1.627496905,3.641111679,-6.445366229,4.18979286,4.054958018,1.484033862,0.928232205,6.197134355,5.795052831,7.25783182,3.630628249,3.322275704,-0.202542589,-13.08103498,8.25762696
Valores constantes|Variación porcentual anual|B.1bV---Valor agregado bruto|Estados Unidos Mexicanos<C1>,NA,9.48831237,-0.007583347,-4.362980606,3.48671135,1.878577179,-3.708327141,2.070346272,1.279160145,3.654954035,5.20843224,4.037598203,3.508083325,2.913590099,4.827020463,-6.174762313,6.802156562,6.825113964,5.200988016,2.693440027,5.059341012,-0.454187838,-0.067065997,1.449409602,3.914148619,2.276007941,4.372745233,2.319083803,1.04032256,-5.236564486,5.156986198,3.646748389,3.732209661,1.371443352,2.713982346,3.188216347,2.431550297,2.044799141,2.14344684,-0.198886169,-7.752336536,4.566413505
Valores constantes|Variación porcentual anual|B.1bV---Valor agregado bruto|Aguascalientes<C1>,NA,11.13886472,0.427938557,-5.021824363,4.641181295,3.02989838,-3.849027189,3.395349686,2.503005376,5.283194567,7.465756742,5.968730506,5.853160515,4.456531618,6.619739524,-4.827783677,7.6045229,7.322825547,6.283834258,2.07510306,8.665164421,5.2349076,4.671986352,1.044403504,4.41965146,2.428905787,6.54472272,8.8285664,0.429037955,-5.098401369,6.248529404,4.421190255,5.518923413,3.049697093,10.2200676,4.062191695,6.786290233,2.377773087,3.777490527,-1.085109932,-7.925730395,0.924956282
Valores constantes|Variación porcentual anual|B.1bV---Valor agregado bruto|Baja California<C1>,NA,12.46998403,-0.795958309,-8.359551989,4.488165928,2.710503516,-7.296872035,2.615359889,1.039282363,4.469706629,6.714092067,4.476541174,4.88948176,0.191780793,7.399059426,-9.820807804,12.90426843,12.64773511,4.305867352,8.908883496,9.555917774,-7.452311162,-4.229337693,-0.953008653,5.8798536,2.36466595,5.314248508,1.219680406,-0.871939402,-10.88622059,5.007185994,2.928354224,3.477147035,2.083270435,2.706031309,6.972612273,4.710660704,3.318919618,2.298585665,1.640600133,-3.706451725,8.161070867
Valores constantes|Variación porcentual anual|B.1bV---Valor agregado bruto|Baja California Sur<C1>,NA,9.006744307,0.672687808,-1.995749435,3.883044933,2.51292418,-1.459207238,2.632022693,1.790016274,4.503023028,4.056713047,4.886650288,3.793611276,-3.100755932,3.306926035,-4.691411885,13.05251103,4.580594472,2.694265197,3.258969048,6.811135706,5.438209583,-2.778230966,5.545841314,7.230230153,7.175901153,7.160319034,13.39354086,2.613884184,-0.584118303,2.139204758,3.661208931,2.299819083,-1.975518807,0.868812022,12.49159398,2.626429772,10.77125623,16.73037324,-8.225679064,-23.30974694,15.81113729
Valores constantes|Variación porcentual anual|B.1bV---Valor agregado bruto|Campeche<C1>,NA,9.842239875,-0.256061451,-6.724644503,4.486967132,3.786127508,-3.209874726,4.053248753,3.164205633,4.579371638,5.744516787,3.421939059,3.086945896,-0.754120034,5.183335909,-7.109595163,10.10304114,5.758837961,3.382711217,-5.258908888,7.729931223,7.49367849,2.582940005,8.2815263,1.150317209,-1.984524676,-2.33535255,-6.576569979,-8.478949656,-9.971231496,-3.431134563,-3.64268954,-1.612763773,0.881101283,-4.868190287,-7.05217899,-5.801772526,-10.44429125,-1.564817743,-2.295968958,-6.831390264,-4.070243323
Valores constantes|Variación porcentual anual|B.1bV---Valor agregado bruto|Coahuila de Zaragoza<C1>,NA,10.38971149,-0.08156034,-6.475878354,4.155364138,2.844050016,-5.49537775,2.371884679,0.878598329,3.212365318,5.626009442,3.449765926,5.062074092,2.422377948,2.787708987,-3.370433939,16.09738603,9.022097411,5.062162935,2.554150351,2.368433231,-0.182177734,5.302838419,4.475008554,2.879323523,2.165013349,4.71165812,4.160448321,-0.429964789,-15.45156509,16.28763582,6.787471263,5.035231631,-2.064375908,3.903733416,0.842478986,1.474508893,5.151378928,1.06639768,-0.702662285,-11.25370356,5.877150933
Valores constantes|Variación porcentual anual|B.1bV---Valor agregado bruto|Colima<C1>,NA,8.222933648,0.987005853,-2.176815923,3.635084136,2.798313779,-1.40735855,2.671329489,1.813255319,3.092433705,4.229656706,2.98599261,2.328743479,2.227060317,4.808689797,-5.637290924,8.054988045,4.446592475,6.915994825,3.279688331,3.792262017,-2.000894012,0.834279301,-2.567490887,0.090238234,0.684602842,6.263885975,6.883116606,1.841111611,-3.175046211,7.253764378,7.260193771,2.951072733,0.974325364,2.494805269,2.320952384,2.814142079,3.513239112,2.93180884,3.873085887,-7.241266215,0.159926758
Valores constantes|Variación porcentual anual|B.1bV---Valor agregado bruto|Chiapas<C1>,NA,6.047429443,0.768273503,-1.207232232,2.854305987,2.145899959,-0.439398717,2.342033962,1.959209952,3.047473461,3.768356252,3.149372366,3.338395581,3.548635141,4.409558358,-1.29218485,-0.100948721,3.042328597,5.350813973,-0.1823962,1.583211717,-0.750261672,1.49697855,0.775665637,-3.928425854,0.79859964,3.385532683,1.659325557,2.278320348,-0.616178976,5.567222513,3.120880431,1.891968377,-1.337513966,4.664547216,-2.114529693,-0.270163321,-3.293486186,-3.572547435,-2.233998274,-2.765750191,5.394948376
Valores constantes|Variación porcentual anual|B.1bV---Valor agregado bruto|Chihuahua<C1>,NA,10.74860517,-0.397473228,-5.420299939,3.870215685,2.403547736,-5.081738086,2.128067522,0.474618883,3.188117371,6.066202309,3.883216623,3.838629725,3.943575382,4.912084649,-4.079004653,8.879726538,6.612444392,8.147680226,5.799783106,8.395830635,-4.654905667,-1.383845056,2.636707113,4.504653975,3.331404755,7.816007539,3.578944766,1.413313731,-9.009607272,4.168065029,2.305813678,7.424886179,3.72936341,1.974283758,5.136860206,4.614307054,3.236910798,2.281129197,1.560536161,-5.774652176,4.891473384
Valores constantes|Variación porcentual anual|B.1bV---Valor agregado bruto|Ciudad de México<C1>,NA,10.57646026,-0.235934335,-3.854889538,2.87309458,-0.182935545,-4.908269862,0.298610072,0.01348441,3.674919191,4.811596579,5.001448854,3.420160266,5.470043622,4.33207914,-6.374602859,4.376181453,7.177932827,3.122091473,3.269053439,6.230529447,-1.263965739,0.896350394,-1.61271773,4.408039255,1.398408168,5.165038649,1.425133821,1.736524527,-3.586152404,3.572207948,3.551272356,3.951672453,1.48567426,2.823935049,4.411083382,3.046933657,2.986110572,2.656990575,0.204049017,-8.805664074,3.067423181
Valores constantes|Variación porcentual anual|B.1bV---Valor agregado bruto|Durango<C1>,NA,8.167553445,-0.479201106,-3.9442638,2.878301993,1.816845635,-3.104747708,2.000364145,1.163642697,3.144475071,4.593262897,3.176595873,2.155730353,2.149659579,5.3701503,-4.214368688,5.873218449,3.805437788,7.42464339,0.194079451,1.073320516,3.917504013,0.767291231,5.771811277,3.099313028,-1.687401059,3.474922234,1.447564548,1.851877983,-1.592622735,3.792187085,4.16299921,3.759381669,3.339703694,2.071282071,-0.041731135,4.029725504,-0.549011621,1.35935477,0.87699323,-6.90666275,5.498093383
Valores constantes|Variación porcentual anual|B.1bV---Valor agregado bruto|Guanajuato<C1>,NA,9.927684288,0.260418955,-3.992093942,3.761393913,2.209703546,-3.465725098,2.347861023,1.426079545,3.781798688,5.473556704,4.002113218,3.338935909,3.255413663,4.168060266,-3.621262317,6.529839595,6.099969188,6.930572715,1.612750754,5.747401226,0.503080725,4.424838066,2.882924612,2.874105604,0.814364853,5.063809006,2.320265101,2.924893209,-4.244230702,7.368823777,5.993110205,4.151832565,4.143043277,4.290333293,5.445242616,2.979027331,4.581889589,1.265391224,-1.583898493,-7.263517687,4.875683694
Valores constantes|Variación porcentual anual|B.1bV---Valor agregado bruto|Guerrero<C1>,NA,4.767559038,0.460317592,-1.295845436,1.940904128,1.342228471,-1.154015419,1.356871298,0.899741059,1.984714696,3.081683787,2.43721957,1.677535748,0.106680694,5.856195695,-6.355074631,2.768421289,2.809903249,3.906659116,1.202374015,1.043829068,0.709976419,-0.782515775,-0.705712616,5.387576772,1.38246879,2.213279099,2.675735495,1.661945444,-3.382630077,5.292812166,1.221215001,1.697285524,0.31767001,4.043494941,0.84405227,2.005598331,-0.038793257,2.815875193,0.026496765,-9.16956028,3.993900749
Valores constantes|Variación porcentual anual|B.1bV---Valor agregado bruto|Hidalgo<C1>,NA,8.943955724,0.31108276,-3.83115589,3.536028975,2.442269209,-2.95601562,2.39868547,1.463746431,3.397427328,5.352738288,4.192143326,4.071012475,2.769492659,2.73515014,-12.92560801,11.42403605,3.940796597,9.359432633,1.338635272,2.211964667,-1.122652008,-0.417389095,0.282413533,6.681133562,-0.770453273,2.804572008,3.198944692,3.54313168,-6.331028636,5.482358252,4.006524676,3.834575261,3.674089784,5.230700609,6.430494678,3.919120185,0.477786592,2.546338319,-1.640166224,-10.38991148,2.986850007
Valores constantes|Variación porcentual anual|B.1bV---Valor agregado bruto|Jalisco<C1>,NA,9.390498676,-0.032936758,-4.586315153,3.446272469,1.989561917,-3.7356047,2.098884932,1.249570504,3.409426377,4.889778309,3.503359062,3.104217079,2.476969366,3.593156346,-8.238967087,5.659101177,7.316626747,7.233759943,3.959921618,4.722558904,-2.066467365,-0.935473084,-0.974954164,3.054376295,2.794120187,5.210712699,3.062055326,0.595048184,-5.253184237,6.325580698,3.001627874,4.420923144,2.340292943,4.77902782,3.525684666,4.004460483,2.391939712,2.673768425,0.71681532,-7.440385229,5.39094072
Valores constantes|Variación porcentual anual|B.1bV---Valor agregado bruto|México<C1>,NA,9.063683129,-0.073882757,-4.15180492,3.125876805,1.326096959,-3.840444589,1.623249948,1.028493734,3.546739885,4.949804474,4.055634059,3.378927333,3.072274459,3.849442546,-7.656377298,8.797234817,8.436998671,5.063062737,3.664368626,5.768496579,0.528705546,-1.680265987,-0.032190497,2.426281276,2.378004613,4.668568254,2.950935992,1.138380624,-4.959037866,7.735453536,4.616390459,4.405819739,1.877590984,2.720404421,3.058675489,2.78746179,4.810507853,3.289254978,-1.709584069,-5.848280985,5.865325151
Valores constantes|Variación porcentual anual|B.1bV---Valor agregado bruto|Michoacán de Ocampo<C1>,NA,7.223499231,1.223802094,-1.422407531,3.40306301,2.589342694,-0.934131704,2.531442274,1.835998732,3.029251356,4.076667868,3.05940923,2.128479402,-0.043377745,6.735341683,-2.202470019,4.330957291,10.73274333,0.828068161,6.016819034,1.767145583,-2.37207445,-1.20962993,3.344697174,2.225480932,1.662589097,4.713655827,2.440545857,1.94525281,-5.275498132,4.026528553,4.096344798,2.5503477,2.112204024,5.616513309,1.681240223,4.163736194,3.169416879,2.290764404,0.043525547,-6.352099178,2.355635709
Valores constantes|Variación porcentual anual|B.1bV---Valor agregado bruto|Morelos<C1>,NA,8.011012115,-0.009788729,-3.927527077,3.272764749,2.25358612,-2.724474588,2.49847993,1.720530295,3.456741069,4.783127442,3.21371705,2.920731578,3.884629954,2.560526689,-11.54594414,6.557268677,6.625441611,8.202176859,4.991756713,1.775599398,3.460016435,-2.639111589,4.516883003,1.062308779,7.227348442,-1.810877265,0.682344478,0.205016541,-0.780420484,3.941897309,-0.175089255,0.595237223,3.646929708,1.94167896,0.974860032,3.701708151,4.54006052,-0.945711547,-0.132695562,-10.59277416,3.676877782
Valores constantes|Variación porcentual anual|B.1bV---Valor agregado bruto|Nayarit<C1>,NA,8.404910236,0.38736203,-2.438792163,3.0925166,1.803601827,-2.554062712,1.94257989,1.144852991,3.392379433,5.604259168,4.641071513,4.375247066,3.322300094,3.362162204,-12.17077469,2.482436744,1.598780861,8.625144273,2.932610272,1.625505499,2.994082257,-2.433152759,-3.579744635,14.15701761,3.902448845,2.100202961,-0.532107949,7.218537308,-5.345649111,5.102873706,2.984089748,0.095386328,2.804796513,5.171672693,4.657692645,4.743206866,1.278002473,-0.297621207,0.333794783,-11.32059516,8.24708941
Valores constantes|Variación porcentual anual|B.1bV---Valor agregado bruto|Nuevo León<C1>,NA,11.25469405,0.288342364,-4.965925199,4.371262231,2.326366827,-4.24732066,2.566707315,1.712184108,4.494965771,6.091693607,4.803922946,4.387741383,4.173772938,5.911711746,-7.01818849,6.463327614,9.061171805,7.585494157,5.858845051,6.707939013,-0.342602496,2.409300843,4.09034257,5.71634305,4.188690566,6.934316624,6.104382178,1.565764998,-6.629085945,7.605386741,4.353169652,4.11338506,1.003945829,3.215002617,5.762629133,2.407485465,3.888262823,3.568246621,1.43774087,-7.617443493,6.062849656
Valores constantes|Variación porcentual anual|B.1bV---Valor agregado bruto|Oaxaca<C1>,NA,6.376243054,0.205806995,-2.106165436,2.459204747,1.582444317,-1.838597002,1.624779305,0.892505789,2.379112014,3.923218734,2.983053395,2.613150212,2.273969351,7.895736054,-8.335844271,3.852430625,1.939866977,2.495487659,2.753408784,3.500155755,0.651734409,0.231365462,0.260973819,3.839724511,1.385492458,2.034076473,0.821832226,3.101886923,-0.936789712,1.593883463,3.01053083,2.010732332,2.434830122,1.923756685,4.145555491,-1.547340094,-2.362503309,4.080254394,-3.009863638,-6.075460067,5.078493364
Valores constantes|Variación porcentual anual|B.1bV---Valor agregado bruto|Puebla<C1>,NA,8.898746231,0.081402195,-4.688497957,3.724499709,2.666216904,-3.358090305,2.808919456,1.812146431,3.611068436,4.984979794,2.798267606,2.521914133,2.5670793,5.192580027,-8.530794268,9.631230088,8.785046586,8.040901436,8.014226352,3.526974257,1.475237333,-1.858719,2.548912033,2.526017091,5.486798518,4.442556954,4.163072583,0.676389516,-7.759736454,8.643321105,4.975954099,6.257754586,-0.947973288,1.337322408,2.737255927,2.720097616,6.081511311,2.506180512,-1.39943932,-10.82237961,2.215087657
Valores constantes|Variación porcentual anual|B.1bV---Valor agregado bruto|Querétaro<C1>,NA,12.40471765,-0.264531688,-7.195132725,4.735194607,2.977027163,-5.655315213,3.008300936,1.73816888,4.648790918,7.041027444,5.364851639,6.192374251,4.653236853,7.454051628,-6.215445779,10.30046419,12.10481989,9.690899282,3.326531404,4.410828861,-0.414515364,-0.442905215,0.061184936,7.454060165,6.754167713,6.221284356,5.097259869,2.47636522,-2.887391074,6.322993084,7.467579107,3.052834423,0.532637756,7.086704358,5.764339278,4.284807588,4.540823123,2.944731253,-0.847157135,-9.257206297,6.152542081
Valores constantes|Variación porcentual anual|B.1bV---Valor agregado bruto|Quintana Roo<C1>,NA,8.942499217,-0.557517561,-3.741945836,3.2544733,1.355181901,-2.577689388,2.647573452,2.618909755,5.292146424,6.486373625,6.118404058,5.876326209,5.108672152,3.861246767,-4.230414636,9.533793794,9.822354992,7.472553869,-0.118465383,3.878102267,5.116060535,-0.213658335,4.130374824,8.811143939,4.294632553,6.526606426,10.63293139,5.243006099,-8.544456825,5.104213325,5.588053544,4.686164343,4.433174966,3.542241545,4.642665387,7.13536351,4.097218514,5.261244697,1.27358917,-23.46923185,16.03935665
Valores constantes|Variación porcentual anual|B.1bV---Valor agregado bruto|San Luis Potosí<C1>,NA,9.687670018,-0.304892049,-4.977252777,3.470916949,1.874496067,-4.117887109,2.197748519,1.401174074,3.981079532,5.773891945,4.369430752,3.648573608,3.289733819,7.123409904,-10.27257885,7.58481195,6.492033336,5.542252386,2.730691363,4.971352573,-0.848182865,0.286830485,4.361506843,5.878447612,4.116794064,4.614560789,2.190681282,2.159680825,-5.250660585,5.296647618,5.376642714,4.724578522,3.566338155,2.864558012,3.991904832,3.857696674,3.687269792,4.27515665,-0.332890404,-7.337066957,3.903022991
Valores constantes|Variación porcentual anual|B.1bV---Valor agregado bruto|Sinaloa<C1>,NA,8.614928111,-0.052721289,-2.973250782,3.092390813,2.202136601,-2.888707429,2.154008409,0.834839445,2.979955579,5.623247006,3.737287101,2.230130255,2.84470739,2.467361302,-5.1927109,2.040839818,2.44037636,3.783337102,2.859331144,7.221894066,-2.186126002,-3.319268672,0.330025999,6.118077355,0.368811233,3.235190266,3.61782698,3.520113767,-4.208416909,3.163974997,1.953438388,3.585347728,1.182926071,1.790062319,5.51945874,4.90181598,1.208499724,2.600429402,1.856746072,-7.14769457,3.617001842
Valores constantes|Variación porcentual anual|B.1bV---Valor agregado bruto|Sonora<C1>,NA,11.01269461,-0.702755883,-6.840863192,3.930580315,2.718053242,-6.007124783,2.431827228,0.685483232,3.554564286,6.988984289,4.529088846,5.113808227,2.719544208,8.969062154,-5.095761713,4.71394398,10.34257725,6.674161701,3.681839846,8.400744402,-3.298132276,-7.759991146,-2.817631449,5.18436374,5.305009248,6.111405444,1.34353249,0.303135979,-6.032031407,5.148385143,9.271859577,5.178225519,2.901570416,2.465390667,5.108056961,5.338098941,-0.511087247,0.942268846,-0.117160789,-5.136039242,3.82897582
Valores constantes|Variación porcentual anual|B.1bV---Valor agregado bruto|Tabasco<C1>,NA,9.025438347,0.089160944,-4.725250307,3.851085266,2.751350054,-2.525723952,3.079436773,2.503790618,4.16021538,5.270612904,4.197045576,3.703755521,3.254058448,0.460026119,-1.306014425,8.727596982,2.717776487,3.54367223,-1.416369393,-0.498005602,-2.918270563,-5.783152885,0.116979318,4.361696434,7.626130254,5.754227088,1.969303308,4.651989795,4.364732451,5.861094938,4.712124277,2.592569473,-1.839634023,2.016882973,-0.457145776,-4.89615929,-4.731217554,-8.27696866,-3.924131683,3.457959747,8.159015495
Valores constantes|Variación porcentual anual|B.1bV---Valor agregado bruto|Tamaulipas<C1>,NA,9.351570038,0.142993327,-4.917361895,4.068680979,3.044409784,-3.791381753,2.87673664,1.506336018,3.434103214,5.389729578,2.934600022,2.927982393,1.552870167,7.20889904,-7.041480909,8.702347554,7.051223218,9.578302557,6.515690038,5.430526166,-4.757510948,3.866880137,4.283442651,4.734299575,6.431947131,3.00539062,3.202463544,4.168647488,-9.022712169,1.927458509,1.908328991,2.102331107,1.473092078,0.982565767,3.075101539,1.597909967,-0.417342075,2.031124197,1.755767104,-8.425723518,1.632661968
Valores constantes|Variación porcentual anual|B.1bV---Valor agregado bruto|Tlaxcala<C1>,NA,9.134580399,0.071827404,-4.35816595,3.618504252,2.401932816,-3.146545303,2.338998728,1.424397326,3.343591783,5.17400957,4.465063368,4.326287868,1.663887493,3.448630236,-6.003999897,9.290198392,9.584145182,1.210529003,7.245639357,3.722637358,3.350938545,-3.187988544,-1.49536596,7.850108582,-11.70562714,-1.752469268,1.450301653,5.349582185,-1.810592336,8.649861334,-3.128195661,4.517939594,-2.514448596,3.085725188,6.74627283,0.415771032,-1.315759221,3.448620779,4.736211841,-12.04849144,4.174362619
Valores constantes|Variación porcentual anual|B.1bV---Valor agregado bruto|Veracruz de Ignacio de la Llave<C1>,NA,7.4877414,0.463276997,-2.354531734,3.072633039,2.029914704,-1.695527766,2.16279568,1.526529995,3.115337794,4.448115861,3.67581233,3.059267668,2.25201898,5.993095769,-2.968378162,3.932027414,3.047174529,3.404627185,-1.619774038,0.573481385,-1.930192278,-0.539522254,1.897613971,4.933144296,0.783852233,5.49400809,3.075156442,-0.183465457,-2.176960042,4.233373384,3.992096203,4.407059666,0.208641593,-0.073195709,0.63533146,-0.103827836,-1.128412824,2.312384831,0.954139557,-7.840277955,3.82617921
Valores constantes|Variación porcentual anual|B.1bV---Valor agregado bruto|Yucatán<C1>,NA,8.546132002,0.337806659,-2.955899304,3.315584454,1.997556409,-2.437238417,2.178196659,1.437915353,3.412695288,4.910727842,3.877538732,3.204057609,3.926565721,6.803605555,-6.382696381,5.735889687,5.805666844,6.121403803,3.817322721,7.184365849,1.741134967,-0.817036866,1.293928256,4.564099159,4.670586943,4.835810945,3.102767317,1.015363298,-1.963756493,3.582766927,3.43811861,5.819175396,0.506583589,3.740023605,2.910655704,5.265677682,4.076536783,3.523374697,0.787581522,-7.894404634,7.122846266
Valores constantes|Variación porcentual anual|B.1bV---Valor agregado bruto|Zacatecas<C1>,NA,7.034923633,1.057145274,-0.597587283,3.220346817,2.496155246,-0.476083471,2.612455017,2.002198819,3.550720644,5.091950089,4.652088465,4.861407962,3.506263837,3.77432868,1.342946066,-0.696577881,3.453823241,7.52490502,-1.859993714,-0.396607724,3.606531545,7.534726618,3.435153295,4.199319549,-0.003070089,6.101494489,3.413457058,9.012313342,3.26658186,10.89444649,0.101102352,2.658639419,-1.257223894,6.774990544,1.974958532,-1.192769906,-0.238563062,0.006412846,-3.647249769,-4.238548056,3.66956273
Valores constantes|Contribución a la variación nacional|B.1bV---Valor agregado bruto|Estados Unidos Mexicanos<C1>,NA,9.48831237,-0.007583347,-4.362980606,3.48671135,1.878577179,-3.708327141,2.070346272,1.279160145,3.654954035,5.20843224,4.037598203,3.508083325,2.913590099,4.827020463,-6.174762313,6.802156562,6.825113964,5.200988016,2.693440027,5.059341012,-0.454187838,-0.067065997,1.449409602,3.914148619,2.276007941,4.372745233,2.319083803,1.04032256,-5.236564486,5.156986198,3.646748389,3.732209661,1.371443352,2.713982346,3.188216347,2.431550297,2.044799141,2.14344684,-0.198886169,-7.752336536,4.566413505
Valores constantes|Contribución a la variación nacional|B.1bV---Valor agregado bruto|Aguascalientes<C1>,NA,0.077288963,0.00301409,-0.035524154,0.032605326,0.021523165,-0.027650911,0.02435611,0.01818807,0.038854198,0.055767884,0.045541975,0.045489141,0.035419617,0.053401153,-0.039611557,0.063290218,0.061403597,0.052936909,0.017661229,0.073305268,0.045806074,0.043216784,0.01011908,0.042650435,0.023553403,0.063559872,0.087523926,0.004523958,-0.053434465,0.065584014,0.046886107,0.058964728,0.033144491,0.112911847,0.048158978,0.081135729,0.029636838,0.047236711,-0.013786139,-0.099800911,0.01162517
Valores constantes|Contribución a la variación nacional|B.1bV---Valor agregado bruto|Baja California<C1>,NA,0.389731175,-0.025553974,-0.266264597,0.136981052,0.083526463,-0.226695465,0.078224576,0.031250581,0.134083002,0.202993583,0.137280491,0.150576618,0.005984908,0.224795837,-0.305693495,0.386063765,0.40000807,0.143603736,0.294589519,0.335109716,-0.272525261,-0.143790678,-0.031051248,0.187042586,0.076644753,0.172397434,0.039924089,-0.028234727,-0.345840858,0.14958807,0.087359016,0.103011693,0.061565858,0.080531549,0.207489025,0.145319513,0.104663679,0.073392036,0.052462636,-0.120708414,0.277439416
Valores constantes|Contribución a la variación nacional|B.1bV---Valor agregado bruto|Baja California Sur<C1>,NA,0.048250342,0.003587829,-0.01071689,0.021367517,0.013881012,-0.008110628,0.014971125,0.010237763,0.025884356,0.023509656,0.028009335,0.021921702,-0.017967406,0.018042218,-0.025224654,0.071289913,0.026482321,0.015249384,0.018006054,0.037839286,0.030715756,-0.016620674,0.032277702,0.043780317,0.044837953,0.046884046,0.0900399,0.01947411,-0.004419605,0.016980482,0.028227765,0.017733981,-0.015022942,0.006388789,0.090206521,0.020676443,0.084957528,0.143244299,-0.080485351,-0.209733804,0.118271139
Valores constantes|Contribución a la variación nacional|B.1bV---Valor agregado bruto|Campeche<C1>,NA,0.725590665,-0.018938412,-0.496121603,0.322858762,0.275063181,-0.237564611,0.301536049,0.239969882,0.353758494,0.447724081,0.268062788,0.240389578,-0.058486617,0.387672626,-0.533549052,0.750641869,0.441097721,0.256512294,-0.391892549,0.531425842,0.528279558,0.19662693,0.647150915,0.095943961,-0.161119868,-0.181704603,-0.478809989,-0.563644117,-0.60039628,-0.196276117,-0.191359868,-0.078764125,0.040813953,-0.224411213,-0.301090135,-0.223122313,-0.369377354,-0.048568809,-0.068675139,-0.200041325,-0.120377478
Valores constantes|Contribución a la variación nacional|B.1bV---Valor agregado bruto|Coahuila de Zaragoza<C1>,NA,0.309358928,-0.002448494,-0.194266208,0.12190044,0.083971222,-0.163789891,0.069382098,0.025776583,0.0938726,0.163702776,0.100777954,0.147042745,0.071421458,0.081800578,-0.09697565,0.47700463,0.290614425,0.166412882,0.083854003,0.077651353,-0.005819887,0.169868462,0.15105311,0.100089647,0.074509678,0.161977356,0.1434923,-0.015096197,-0.534614922,0.502795551,0.231705739,0.177097676,-0.073519671,0.134313601,0.029322467,0.050153614,0.173580743,0.037027239,-0.024140433,-0.3846769,0.193269064
Valores constantes|Contribución a la variación nacional|B.1bV---Valor agregado bruto|Colima<C1>,NA,0.045231034,0.005366375,-0.011953124,0.020416906,0.015739615,-0.007987402,0.015523299,0.010599006,0.018171501,0.024719077,0.017288472,0.013346807,0.012618598,0.027064438,-0.031722452,0.045587096,0.025460631,0.0387184,0.018660281,0.021699821,-0.011311292,0.004643,-0.014417691,0.000486667,0.003556288,0.032032537,0.035836964,0.010013333,-0.017405119,0.040629072,0.041475925,0.017446595,0.005716787,0.014580755,0.013535736,0.016274068,0.020392803,0.017262746,0.022981081,-0.044719351,0.00099312
Valores constantes|Contribución a la variación nacional|B.1bV---Valor agregado bruto|Chiapas<C1>,NA,0.130349497,0.016039351,-0.025399111,0.06203365,0.046352607,-0.009516156,0.05244387,0.04398828,0.068881454,0.084676249,0.069798816,0.073356417,0.077848296,0.097331745,-0.028408681,-0.002334851,0.065818163,0.111661072,-0.003811674,0.032159068,-0.014735487,0.029313905,0.015426845,-0.077611716,0.014586734,0.060944804,0.029587886,0.040363397,-0.011050162,0.104706889,0.058925703,0.035541229,-0.02467989,0.083770443,-0.038695917,-0.004689925,-0.055665573,-0.057223405,-0.033780705,-0.040968616,0.084234408
Valores constantes|Contribución a la variación nacional|B.1bV---Valor agregado bruto|Chihuahua<C1>,NA,0.283935226,-0.010620514,-0.144266096,0.101870404,0.063499756,-0.13494715,0.055705476,0.012430913,0.082837806,0.156910065,0.101263283,0.099952043,0.103012584,0.129595792,-0.107703926,0.239701597,0.18197024,0.223772569,0.163750266,0.244217064,-0.139701519,-0.039778927,0.074794027,0.129276519,0.096149397,0.227909641,0.107802507,0.04309504,-0.275736854,0.122483668,0.067121921,0.213341133,0.110971326,0.06011346,0.155281957,0.142119816,0.101820732,0.072593793,0.049728854,-0.187262165,0.162022854
Valores constantes|Contribución a la variación nacional|B.1bV---Valor agregado bruto|Ciudad de México<C1>,NA,1.957213671,-0.044094454,-0.718806231,0.538580951,-0.034089166,-0.896125094,0.05383921,0.002389029,0.642947942,0.841978238,0.871899199,0.601758008,0.961605969,0.780475257,-1.143037585,0.78302693,1.255168841,0.547747488,0.562197209,1.077504549,-0.221026393,0.155467399,-0.28241431,0.748623113,0.238622277,0.873791828,0.242926185,0.293419215,-0.610124613,0.618336883,0.605448914,0.673091678,0.253591523,0.482564032,0.754588469,0.527405181,0.519982355,0.466939395,0.036039854,-1.561566625,0.537755165
Valores constantes|Contribución a la variación nacional|B.1bV---Valor agregado bruto|Durango<C1>,NA,0.100977099,-0.005852992,-0.047948265,0.035143141,0.022052683,-0.03766227,0.024417602,0.014194357,0.038313216,0.055690057,0.038288776,0.025768838,0.025360543,0.062883904,-0.049605513,0.070575548,0.045330324,0.085942214,0.002294006,0.012377811,0.043463602,0.008886735,0.067407007,0.037737991,-0.020385095,0.040352916,0.016665401,0.02113855,-0.018325256,0.045312054,0.049097215,0.044557903,0.039594057,0.025033,-0.000501196,0.046882605,-0.006486964,0.015653484,0.010021386,-0.079773111,0.064086066
Valores constantes|Contribución a la variación nacional|B.1bV---Valor agregado bruto|Guanajuato<C1>,NA,0.307567228,0.008100354,-0.124507244,0.117767011,0.069368141,-0.109151426,0.074131109,0.045149302,0.119904435,0.173755113,0.127365083,0.106223582,0.103397196,0.132824035,-0.114673746,0.21240664,0.197917624,0.223340685,0.052826039,0.186276391,0.016411906,0.145738768,0.099221587,0.100315809,0.028139545,0.172474151,0.079551861,0.100283103,-0.148232158,0.260055338,0.215953343,0.152992257,0.15328596,0.163075446,0.210149937,0.117485265,0.181663875,0.051417906,-0.063806871,-0.288547866,0.194715998
Valores constantes|Contribución a la variación nacional|B.1bV---Valor agregado bruto|Guerrero<C1>,NA,0.0901704,0.008330759,-0.023561757,0.036422349,0.024811568,-0.021220077,0.025612047,0.016864629,0.037061867,0.056619014,0.043873253,0.02973339,0.001857416,0.099181188,-0.108686954,0.047255626,0.046152196,0.061754428,0.018772656,0.016060665,0.010506382,-0.011715258,-0.010489776,0.078380234,0.020397792,0.032370775,0.038324836,0.02388719,-0.048917754,0.078039216,0.018029311,0.024471342,0.004490294,0.056561031,0.011959558,0.027772177,-0.000534949,0.038037349,0.000360279,-0.124961055,0.053591941
Valores constantes|Contribución a la variación nacional|B.1bV---Valor agregado bruto|Hidalgo<C1>,NA,0.138062486,0.004778124,-0.059032762,0.054788254,0.037859258,-0.046076725,0.037681491,0.023068291,0.053640219,0.084301644,0.066113696,0.064298731,0.043980048,0.043373866,-0.200883268,0.164771891,0.059298874,0.137032829,0.020373882,0.033221716,-0.01640424,-0.006057952,0.004084559,0.09551796,-0.011308217,0.039937572,0.044869075,0.050124066,-0.091782492,0.078561169,0.057590393,0.055310093,0.05304754,0.07723781,0.097280852,0.06115156,0.007563358,0.039689531,-0.025665952,-0.160237349,0.044747301
Valores constantes|Contribución a la variación nacional|B.1bV---Valor agregado bruto|Jalisco<C1>,NA,0.645906019,-0.002263463,-0.315098459,0.236219982,0.136318482,-0.256230633,0.143924829,0.085709561,0.233788378,0.334503631,0.238934541,0.21062528,0.167409928,0.241818896,-0.547954768,0.368093392,0.470812899,0.467622278,0.260933239,0.315023855,-0.137404255,-0.061194354,-0.063222809,0.193333742,0.175396917,0.328752078,0.194740942,0.038118739,-0.335035558,0.403359692,0.193530125,0.283265119,0.15094692,0.311189273,0.234192684,0.266865157,0.161851344,0.181536838,0.048921217,-0.51245058,0.372552333
Valores constantes|Contribución a la variación nacional|B.1bV---Valor agregado bruto|México<C1>,NA,0.77243423,-0.00627209,-0.352223301,0.26577303,0.112356292,-0.323625001,0.136599677,0.08617066,0.296422314,0.413252952,0.337767428,0.281457704,0.255594823,0.320744351,-0.631997599,0.714702862,0.698240688,0.425338411,0.307433147,0.488540957,0.045078957,-0.144678877,-0.002727011,0.202540067,0.195667735,0.384523715,0.243740885,0.09460841,-0.412535139,0.645385689,0.394599561,0.380123603,0.163046013,0.237413658,0.266951757,0.242975651,0.420776189,0.295509685,-0.155313525,-0.523266376,0.535623435
Valores constantes|Contribución a la variación nacional|B.1bV---Valor agregado bruto|Michoacán de Ocampo<C1>,NA,0.166944379,0.027698584,-0.032590124,0.080368179,0.061101587,-0.022196804,0.061885041,0.045086602,0.074798291,0.100053475,0.074279206,0.051191336,-0.001029358,0.155238016,-0.051687254,0.105941366,0.256463509,0.020510848,0.142838772,0.043309538,-0.056313493,-0.028163572,0.07698356,0.05217996,0.038348578,0.108071109,0.05613774,0.044798064,-0.122579812,0.09352071,0.094119474,0.058852129,0.048186142,0.129066967,0.039726504,0.096949262,0.075045295,0.054838382,0.001043457,-0.152651469,0.057469116
Valores constantes|Contribución a la variación nacional|B.1bV---Valor agregado bruto|Morelos<C1>,NA,0.103180593,-0.000124376,-0.049902295,0.041772364,0.028704477,-0.034830036,0.032267244,0.022313422,0.04502557,0.062183198,0.041611134,0.037518085,0.04961663,0.033013038,-0.145644011,0.077980181,0.078610244,0.097136158,0.060802493,0.022111869,0.04174146,-0.03309,0.055176449,0.013369113,0.088459679,-0.023237381,0.008237172,0.002435342,-0.009193789,0.048621432,-0.002134688,0.006989535,0.0415288,0.022606859,0.011264898,0.041857216,0.051973501,-0.011091005,-0.001509146,-0.120551503,0.040556396
Valores constantes|Contribución a la variación nacional|B.1bV---Valor agregado bruto|Nayarit<C1>,NA,0.060561721,0.002763525,-0.017467594,0.022595475,0.013127821,-0.018576497,0.014298358,0.008416141,0.024905279,0.041039652,0.034114154,0.03234676,0.024767964,0.025164683,-0.089821305,0.017149786,0.010598365,0.054379028,0.019091057,0.010606555,0.01889808,-0.015889587,-0.02282385,0.085788166,0.0259789,0.014203547,-0.003520261,0.046424853,-0.036481856,0.034784926,0.020331275,0.000645733,0.018321835,0.034260712,0.031594057,0.0326323,0.008990823,-0.002078049,0.002274922,-0.077565414,0.0543209
Valores constantes|Contribución a la variación nacional|B.1bV---Valor agregado bruto|Nuevo León<C1>,NA,0.582843304,0.015173199,-0.262091093,0.229251543,0.123049528,-0.225642805,0.135595411,0.090892057,0.239637482,0.327394753,0.260351767,0.239548105,0.229803041,0.329477579,-0.395192224,0.360676513,0.50404124,0.430786792,0.34027059,0.401592835,-0.020832886,0.146668378,0.255173695,0.36589411,0.272761369,0.459997066,0.414880575,0.110353127,-0.469639193,0.530887867,0.310944566,0.295819439,0.072465378,0.231219427,0.416463477,0.178329034,0.287946599,0.26902139,0.109907842,-0.591863401,0.471762748
Valores constantes|Contribución a la variación nacional|B.1bV---Valor agregado bruto|Oaxaca<C1>,NA,0.121221969,0.003801487,-0.038986268,0.046595415,0.029685429,-0.0343904,0.030981117,0.016943915,0.04499419,0.073283358,0.055040948,0.047727062,0.041173111,0.142073829,-0.154383931,0.069705524,0.034130368,0.041898178,0.045039684,0.057288249,0.010508849,0.003772084,0.004267512,0.062052638,0.022374492,0.032562545,0.012861522,0.047833604,-0.014740803,0.026218461,0.047843522,0.031758521,0.037818727,0.030193983,0.064565253,-0.024322742,-0.035693809,0.058983898,-0.044335426,-0.08697119,0.074020981
Valores constantes|Contribución a la variación nacional|B.1bV---Valor agregado bruto|Puebla<C1>,NA,0.257041749,0.002338655,-0.134818662,0.106734177,0.076582194,-0.097200698,0.081600547,0.053024707,0.106218512,0.146569628,0.082100622,0.073111042,0.073711357,0.14859821,-0.244980611,0.269636845,0.252461881,0.235316467,0.240867146,0.111495287,0.045955232,-0.059023354,0.079489192,0.079628961,0.170652707,0.142512027,0.133635821,0.022103595,-0.252665486,0.27394245,0.16293709,0.20753735,-0.032204818,0.044392398,0.089645345,0.08869409,0.198858148,0.085190868,-0.047739109,-0.364743026,0.072169825
Valores constantes|Contribución a la variación nacional|B.1bV---Valor agregado bruto|Querétaro<C1>,NA,0.167983467,-0.003677682,-0.099774098,0.063717915,0.040542878,-0.077847752,0.040573198,0.023658247,0.063561544,0.097192917,0.075345274,0.08807668,0.06790128,0.11061019,-0.094541955,0.156610449,0.190072632,0.159689462,0.057155047,0.076252188,-0.007121699,-0.007612491,0.001047669,0.12588924,0.117954823,0.113405727,0.094561892,0.047187701,-0.055801866,0.12522777,0.14953637,0.063385809,0.010986694,0.144967571,0.122936846,0.093664067,0.101056341,0.0671382,-0.019466219,-0.211333023,0.138165237
Valores constantes|Contribución a la variación nacional|B.1bV---Valor agregado bruto|Quintana Roo<C1>,NA,0.081123364,-0.0050324,-0.033590696,0.029404464,0.012216715,-0.023118013,0.024023575,0.023897873,0.0489303,0.060919159,0.05816123,0.056977281,0.05066738,0.03911234,-0.042457016,0.097665284,0.103194891,0.08071031,-0.001307161,0.04161975,0.054288173,-0.002394062,0.046213361,0.101190163,0.051645288,0.080035066,0.133081253,0.070953204,-0.120441076,0.069436564,0.075980467,0.064910957,0.06197136,0.051012567,0.067399145,0.10504655,0.06308904,0.082642138,0.02061581,-0.38550563,0.218574499
Valores constantes|Contribución a la variación nacional|B.1bV---Valor agregado bruto|San Luis Potosí<C1>,NA,0.169761629,-0.005352496,-0.087117765,0.060361886,0.032593937,-0.071599391,0.038050621,0.024289445,0.069095417,0.100526671,0.076483093,0.064068815,0.057846009,0.125714395,-0.185262578,0.130815303,0.112788655,0.095987511,0.047446872,0.086410605,-0.014730521,0.004961712,0.075714334,0.104977208,0.074907343,0.085475695,0.04067209,0.040046219,-0.098439794,0.099287192,0.10092058,0.09016133,0.068709177,0.056383605,0.078688559,0.07663531,0.074269534,0.087496843,-0.006955238,-0.153090996,0.081804829
Valores constantes|Contribución a la variación nacional|B.1bV---Valor agregado bruto|Sinaloa<C1>,NA,0.21626507,-0.001312933,-0.07401026,0.078094458,0.0554003,-0.072903525,0.054824334,0.021265948,0.075575687,0.141684425,0.094536687,0.056249506,0.070864827,0.061423576,-0.126359764,0.050181731,0.057330738,0.085232173,0.063547839,0.160763865,-0.049666244,-0.074097917,0.007127595,0.13067462,0.008044427,0.069249368,0.076595708,0.075472924,-0.092444963,0.070256109,0.042554031,0.076827812,0.025312176,0.038232406,0.116825,0.106095936,0.026787832,0.057169209,0.041002308,-0.16109282,0.082053336
Valores constantes|Contribución a la variación nacional|B.1bV---Valor agregado bruto|Sonora<C1>,NA,0.331549861,-0.021451844,-0.207367729,0.116061015,0.080602111,-0.179605246,0.070972693,0.020076626,0.103496828,0.203298378,0.133973593,0.151984623,0.082079904,0.270189274,-0.159573273,0.149314297,0.321196087,0.214095705,0.119761036,0.275885208,-0.111757404,-0.255435544,-0.085608126,0.150891308,0.156290076,0.185379462,0.04143274,0.009259176,-0.182901917,0.154797782,0.278756516,0.164131446,0.093251571,0.080429462,0.166238948,0.176957743,-0.017423272,0.03131795,-0.00384825,-0.168835928,0.129438967
Valores constantes|Contribución a la variación nacional|B.1bV---Valor agregado bruto|Tabasco<C1>,NA,0.319441803,0.003142376,-0.166697209,0.135343819,0.097034818,-0.089840528,0.110881474,0.091045431,0.153107264,0.194918432,0.155307374,0.137263728,0.120825623,0.017137623,-0.046626854,0.327758407,0.103904094,0.13027009,-0.051247354,-0.017297815,-0.096001869,-0.185538191,0.003538324,0.130197373,0.228621701,0.181528236,0.062947781,0.148190165,0.14400946,0.212973279,0.172369867,0.095811205,-0.067238747,0.071382116,-0.016069631,-0.166030059,-0.14895957,-0.24329128,-0.103577803,0.087866229,0.232513592
Valores constantes|Contribución a la variación nacional|B.1bV---Valor agregado bruto|Tamaulipas<C1>,NA,0.256942814,0.003923964,-0.135143413,0.111171007,0.083652028,-0.1053689,0.079880409,0.042157964,0.096326143,0.150859093,0.082281306,0.081225386,0.042836863,0.196232498,-0.196030473,0.240030003,0.197948616,0.269460324,0.1909288,0.165053151,-0.145108685,0.112844933,0.129922018,0.147608502,0.202121425,0.098280884,0.103353495,0.135696787,-0.302798556,0.062100332,0.059595737,0.064553094,0.044521303,0.02972589,0.091463862,0.047475117,-0.012298636,0.058410925,0.050436702,-0.246780374,0.047469845
Valores constantes|Contribución a la variación nacional|B.1bV---Valor agregado bruto|Tlaxcala<C1>,NA,0.059613304,0.000467239,-0.028372509,0.023558353,0.015657753,-0.020617113,0.015415238,0.009412239,0.02212572,0.034135391,0.029448499,0.028650467,0.011106053,0.022739263,-0.039068068,0.060561406,0.063933067,0.008283649,0.047701178,0.025594112,0.022745457,-0.02246655,-0.010209107,0.052038293,-0.080535613,-0.010408855,0.008108592,0.02965539,-0.01046508,0.051802994,-0.019356671,0.026128765,-0.014652052,0.017291694,0.037941384,0.002418946,-0.007504409,0.019021398,0.026457104,-0.070632623,0.023331935
Valores constantes|Contribución a la variación nacional|B.1bV---Valor agregado bruto|Veracruz de Ignacio de la Llave<C1>,NA,0.419041689,0.025452961,-0.129969783,0.173170775,0.113946366,-0.095317413,0.12412732,0.087690069,0.179394722,0.254808444,0.209045641,0.173377362,0.127074891,0.335999074,-0.168271446,0.230516147,0.173840724,0.187364142,-0.087617631,0.029718132,-0.095752819,-0.026367727,0.092302422,0.241014703,0.03867158,0.267094043,0.151106382,-0.009081702,-0.106456253,0.213701539,0.199751816,0.22125002,0.010542692,-0.003656165,0.030874004,-0.004920699,-0.052155017,0.103554463,0.042799462,-0.355751394,0.173446779
Valores constantes|Contribución a la variación nacional|B.1bV---Valor agregado bruto|Yucatán<C1>,NA,0.102143286,0.004002718,-0.035145845,0.040002539,0.024060673,-0.02939095,0.026613871,0.017587452,0.04180684,0.06001772,0.047256236,0.038988329,0.047639774,0.083358481,-0.079676,0.071443148,0.07159032,0.074763356,0.047030522,0.089482166,0.022124693,-0.010611091,0.016678502,0.058740252,0.060486731,0.064092742,0.041305825,0.013620631,-0.026336382,0.049708757,0.046987742,0.079368852,0.0070484,0.051593218,0.040553271,0.073167727,0.058211622,0.051314384,0.011625288,-0.117679069,0.106014202
Valores constantes|Contribución a la variación nacional|B.1bV---Valor agregado bruto|Zacatecas<C1>,NA,0.050585406,0.007431188,-0.004245461,0.023779192,0.018384286,-0.00352763,0.020007251,0.015415098,0.027532462,0.039443527,0.03599635,0.037838172,0.027647387,0.029932509,0.010543351,-0.005906955,0.027231919,0.057458243,-0.01451617,-0.002958047,0.025501935,0.055451723,0.027204063,0.033906675,-2.48569E-05,0.04829983,0.027468707,0.073299409,0.028664117,0.104176364,0.001019523,0.025892758,-0.01211751,0.063606155,0.019274734,-0.011504044,-0.002219484,5.83272E-05,-0.032479064,-0.036440459,0.032750383
